"STATION","DATE","LATITUDE","LONGITUDE","ELEVATION","NAME","TEMP","TEMP_ATTRIBUTES","DEWP","DEWP_ATTRIBUTES","SLP","SLP_ATTRIBUTES","STP","STP_ATTRIBUTES","VISIB","VISIB_ATTRIBUTES","WDSP","WDSP_ATTRIBUTES","MXSPD","GUST","MAX","MAX_ATTRIBUTES","MIN","MIN_ATTRIBUTES","PRCP","PRCP_ATTRIBUTES","SNDP","FRSHTT"
"72586699999","1995-01-01","42.483","-114.483","1265.0","JOSLIN FIELD MAGIC VA, ID US","  14.3"," 5","   5.5"," 5","9999.9"," 0","999.9"," 0"," 54.0"," 5"," 10.5"," 5"," 14.0","999.9","  21.9","*","   7.0","*"," 0.00","I","999.9","000000"
"72586699999","1995-01-02","42.483","-114.483","1265.0","JOSLIN FIELD MAGIC VA, ID US","  15.9"," 6","   7.3"," 6","9999.9"," 0","999.9"," 0"," 43.3"," 6","  6.9"," 6"," 11.8","999.9","  23.0","*","   9.0","*"," 0.00","A","999.9","000000"
"72586699999","1995-01-03","42.483","-114.483","1265.0","JOSLIN FIELD MAGIC VA, ID US","  16.2"," 8","   7.0"," 8","9999.9"," 0","999.9"," 0"," 35.0"," 8","  8.6"," 8"," 14.0","999.9","  25.0","*","   2.8","*"," 0.00","B","999.9","000000"
"72586699999","1995-01-04","42.483","-114.483","1265.0","JOSLIN FIELD MAGIC VA, ID US","  19.4","12","   9.8","12","9999.9"," 0","999.9"," 0"," 23.8","12"," 10.3","12"," 15.0","999.9","  28.9","*","  12.9","*"," 0.00","H","999.9","001000"
"72586699999","1995-01-05","42.483","-114.483","1265.0","JOSLIN FIELD MAGIC VA, ID US","  24.8","11","  19.0","11","9999.9"," 0","999.9"," 0"," 10.3","11","  8.2","11"," 11.8","999.9","  29.8","*","  18.9","*"," 0.00","H","999.9","101000"
"72586699999","1995-01-06","42.483","-114.483","1265.0","JOSLIN FIELD MAGIC VA, ID US","  29.3","12","  26.1","12","9999.9"," 0","999.9"," 0","  9.2","12","  7.3","12"," 11.8","999.9","  36.9","*","  23.0","*"," 0.00","H","999.9","101000"
"72586699999","1995-01-07","42.483","-114.483","1265.0","JOSLIN FIELD MAGIC VA, ID US","  36.8","13","  28.5","13","9999.9"," 0","999.9"," 0"," 24.6","13","  9.2","13"," 15.9","999.9","  43.9","*","  29.8","*"," 0.00","A","999.9","000000"
"72586699999","1995-01-08","42.483","-114.483","1265.0","JOSLIN FIELD MAGIC VA, ID US","  40.0","12","  27.9","12","9999.9"," 0","999.9"," 0"," 26.7","12"," 14.3","12"," 19.8","999.9","  43.9","*","  37.9","*"," 0.00","H","999.9","010000"
"72586699999","1995-01-09","42.483","-114.483","1265.0","JOSLIN FIELD MAGIC VA, ID US","  45.0","12","  35.7","12","9999.9"," 0","999.9"," 0"," 26.3","12"," 20.3","12"," 24.9"," 29.9","  50.0","*","  39.9","*","99.99"," ","999.9","010000"
"72586699999","1995-01-10","42.483","-114.483","1265.0","JOSLIN FIELD MAGIC VA, ID US","  49.1","13","  34.0","13","9999.9"," 0","999.9"," 0"," 30.4","13"," 21.3","13"," 29.9"," 39.8","  50.0","*","  46.9","*"," 0.00","A","999.9","000000"
"72586699999","1995-01-11","42.483","-114.483","1265.0","JOSLIN FIELD MAGIC VA, ID US","  41.0","15","  30.3","15","9999.9"," 0","999.9"," 0"," 37.0","15"," 11.6","15"," 19.8"," 25.8","  46.9","*","  34.0","*"," 0.00","H","999.9","010000"
"72586699999","1995-01-12","42.483","-114.483","1265.0","JOSLIN FIELD MAGIC VA, ID US","  37.6","17","  27.4","17","9999.9"," 0","999.9"," 0"," 29.8","17","  9.6","16"," 15.9","999.9","  41.9","*","  34.0","*"," 0.00","H","999.9","111000"
"72586699999","1995-01-13","42.483","-114.483","1265.0","JOSLIN FIELD MAGIC VA, ID US","  39.5","17","  34.5","17","9999.9"," 0","999.9"," 0"," 12.9","17"," 13.6","17"," 17.9"," 19.8","  43.0","*","  36.0","*","99.99"," ","999.9","110000"
"72586699999","1995-01-14","42.483","-114.483","1265.0","JOSLIN FIELD MAGIC VA, ID US","  46.3","14","  34.7","14","9999.9"," 0","999.9"," 0"," 36.8","14"," 18.4","13"," 24.9","999.9","  54.0","*","  41.9","*"," 0.00","H","999.9","110000"
"72586699999","1995-01-15","42.483","-114.483","1265.0","JOSLIN FIELD MAGIC VA, ID US","  37.4","15","  33.2","15","9999.9"," 0","999.9"," 0"," 14.9","15"," 11.7","15"," 22.9","999.9","  47.8","*","  32.9","*"," 0.00","H","999.9","111000"
"72586699999","1995-01-16","42.483","-114.483","1265.0","JOSLIN FIELD MAGIC VA, ID US","  32.8","13","  25.7","13","9999.9"," 0","999.9"," 0"," 35.0","13"," 14.7","13"," 18.8","999.9","  36.9","*","  29.8","*"," 0.00","A","999.9","000000"
"72586699999","1995-01-17","42.483","-114.483","1265.0","JOSLIN FIELD MAGIC VA, ID US","  32.5","15","  23.5","15","9999.9"," 0","999.9"," 0"," 35.3","15"," 13.3","15"," 17.9","999.9","  36.0","*","  27.9","*"," 0.00","B","999.9","000000"
"72586699999","1995-01-18","42.483","-114.483","1265.0","JOSLIN FIELD MAGIC VA, ID US","  35.2","13","  23.4","13","9999.9"," 0","999.9"," 0"," 27.7","13"," 10.1","13"," 14.0","999.9","  39.9","*","  30.9","*"," 0.00","A","999.9","000000"
"72586699999","1995-01-19","42.483","-114.483","1265.0","JOSLIN FIELD MAGIC VA, ID US","  37.2","15","  27.6","15","9999.9"," 0","999.9"," 0"," 30.7","15","  6.9","15"," 11.8","999.9","  41.9","*","  34.0","*"," 0.00","B","999.9","000000"
"72586699999","1995-01-20","42.483","-114.483","1265.0","JOSLIN FIELD MAGIC VA, ID US","  31.2","15","  26.2","15","9999.9"," 0","999.9"," 0"," 32.3","15"," 12.7","15"," 19.8","999.9","  38.8","*","  27.0","*"," 0.00","B","999.9","000000"
"72586699999","1995-01-21","42.483","-114.483","1265.0","JOSLIN FIELD MAGIC VA, ID US","  29.6","14","  22.3","14","9999.9"," 0","999.9"," 0"," 49.3","14"," 10.6","13"," 14.0","999.9","  36.9","*","  21.9","*"," 0.00","B","999.9","000000"
"72586699999","1995-01-22","42.483","-114.483","1265.0","JOSLIN FIELD MAGIC VA, ID US","  26.9","14","  20.9","14","9999.9"," 0","999.9"," 0"," 41.4","14","  6.3","14"," 11.8","999.9","  38.8","*","  16.9","*"," 0.00","A","999.9","000000"
"72586699999","1995-01-23","42.483","-114.483","1265.0","JOSLIN FIELD MAGIC VA, ID US","  27.4","15","  20.5","15","9999.9"," 0","999.9"," 0"," 28.0","15"," 10.6","15"," 15.0","999.9","  36.0","*","  18.9","*"," 0.00","B","999.9","000000"
"72586699999","1995-01-24","42.483","-114.483","1265.0","JOSLIN FIELD MAGIC VA, ID US","  32.6","15","  23.3","15","9999.9"," 0","999.9"," 0"," 32.0","15","  7.8","15"," 11.8","999.9","  41.0","*","  25.0","*"," 0.00","B","999.9","000000"
"72586699999","1995-01-25","42.483","-114.483","1265.0","JOSLIN FIELD MAGIC VA, ID US","  36.2","16","  29.5","16","9999.9"," 0","999.9"," 0"," 26.9","16","  5.7","16"," 11.8","999.9","  41.9","*","  32.0","*"," 0.00","B","999.9","000000"
"72586699999","1995-01-26","42.483","-114.483","1265.0","JOSLIN FIELD MAGIC VA, ID US","  38.4","17","  33.7","16","9999.9"," 0","999.9"," 0"," 16.5","17","  7.5","17"," 16.9","999.9","  41.9","*","  34.9","*"," 0.00","H","999.9","111000"
"72586699999","1995-01-27","42.483","-114.483","1265.0","JOSLIN FIELD MAGIC VA, ID US","  37.8","16","  30.2","16","9999.9"," 0","999.9"," 0"," 40.0","16"," 12.4","16"," 15.9","999.9","  43.9","*","  34.0","*"," 0.00","B","999.9","000000"
"72586699999","1995-01-28","42.483","-114.483","1265.0","JOSLIN FIELD MAGIC VA, ID US","  36.8","14","  24.9","14","9999.9"," 0","999.9"," 0"," 51.1","14","  7.7","14"," 11.8","999.9","  41.9","*","  32.0","*"," 0.00","A","999.9","000000"
"72586699999","1995-01-29","42.483","-114.483","1265.0","JOSLIN FIELD MAGIC VA, ID US","  33.0","15","  27.8","15","9999.9"," 0","999.9"," 0"," 16.9","15","  8.8","15"," 15.9","999.9","  41.0","*","  27.9","*"," 0.00","B","999.9","100000"
"72586699999","1995-01-30","42.483","-114.483","1265.0","JOSLIN FIELD MAGIC VA, ID US","  33.6","13","  30.3","13","9999.9"," 0","999.9"," 0"," 22.9","13","  5.8","13"," 14.0","999.9","  37.9","*","  30.9","*"," 0.00","H","999.9","110000"
"72586699999","1995-01-31","42.483","-114.483","1265.0","JOSLIN FIELD MAGIC VA, ID US","  43.3","13","  40.0","13","9999.9"," 0","999.9"," 0"," 18.5","13","  5.6","12","  9.9","999.9","  52.9","*","  34.9","*","99.99"," ","999.9","010000"
"72586699999","1995-02-01","42.483","-114.483","1265.0","JOSLIN FIELD MAGIC VA, ID US","  49.2","16","  42.3","16","9999.9"," 0","999.9"," 0"," 23.1","16"," 10.6","16"," 17.9","999.9","  54.0","*","  45.9","*"," 0.00","H","999.9","010000"
"72586699999","1995-02-02","42.483","-114.483","1265.0","JOSLIN FIELD MAGIC VA, ID US","  47.9","16","  37.4","16","9999.9"," 0","999.9"," 0"," 38.8","16"," 10.1","16"," 15.0","999.9","  52.0","*","  39.9","*"," 0.00","H","999.9","010000"
"72586699999","1995-02-03","42.483","-114.483","1265.0","JOSLIN FIELD MAGIC VA, ID US","  41.4","17","  34.0","17","9999.9"," 0","999.9"," 0"," 50.6","17","  7.9","17"," 11.8","999.9","  52.0","*","  32.0","*"," 0.00","B","999.9","000000"
"72586699999","1995-02-04","42.483","-114.483","1265.0","JOSLIN FIELD MAGIC VA, ID US","  41.8","12","  33.3","12","9999.9"," 0","999.9"," 0"," 35.8","12","  3.3","12","  8.9","999.9","  54.0","*","  34.0","*"," 0.00","B","999.9","000000"
"72586699999","1995-02-05","42.483","-114.483","1265.0","JOSLIN FIELD MAGIC VA, ID US","  44.8","13","  32.9","13","9999.9"," 0","999.9"," 0"," 33.5","13","  2.8","13","  8.0","999.9","  56.8","*","  34.0","*"," 0.00","I","999.9","000000"
"72586699999","1995-02-06","42.483","-114.483","1265.0","JOSLIN FIELD MAGIC VA, ID US","  44.0","12","  32.1","12","9999.9"," 0","999.9"," 0"," 37.1","12","  7.1","12"," 10.9","999.9","  54.0","*","  36.0","*"," 0.00","A","999.9","000000"
"72586699999","1995-02-07","42.483","-114.483","1265.0","JOSLIN FIELD MAGIC VA, ID US","  43.4","11","  34.6","11","9999.9"," 0","999.9"," 0"," 22.7","11","  7.2","11","  9.9","999.9","  54.9","*","  32.0","*"," 0.00","B","999.9","000000"
"72586699999","1995-02-08","42.483","-114.483","1265.0","JOSLIN FIELD MAGIC VA, ID US","  41.0","13","  32.4","13","9999.9"," 0","999.9"," 0"," 13.5","13","  6.9","13"," 12.8","999.9","  52.0","*","  32.0","*"," 0.00","A","999.9","100000"
"72586699999","1995-02-09","42.483","-114.483","1265.0","JOSLIN FIELD MAGIC VA, ID US","  39.9","17","  31.3","17","9999.9"," 0","999.9"," 0"," 32.1","17"," 11.0","17"," 22.9","999.9","  50.0","*","  32.9","*"," 0.00","B","999.9","000000"
"72586699999","1995-02-10","42.483","-114.483","1265.0","JOSLIN FIELD MAGIC VA, ID US","  41.0","14","  25.6","14","9999.9"," 0","999.9"," 0"," 50.0","14"," 17.6","14"," 25.8"," 29.9","  47.8","*","  34.9","*"," 0.00","B","999.9","000000"
"72586699999","1995-02-11","42.483","-114.483","1265.0","JOSLIN FIELD MAGIC VA, ID US","  26.5","15","  19.5","15","9999.9"," 0","999.9"," 0"," 14.7","15"," 14.7","15"," 18.8"," 24.9","  41.0","*","  19.9","*","99.99"," ","999.9","101000"
"72586699999","1995-02-12","42.483","-114.483","1265.0","JOSLIN FIELD MAGIC VA, ID US","  20.8","15","  14.7","15","9999.9"," 0","999.9"," 0"," 20.4","15"," 10.7","15"," 15.9","999.9","  23.0","*","  16.9","*"," 0.00","H","999.9","101000"
"72586699999","1995-02-13","42.483","-114.483","1265.0","JOSLIN FIELD MAGIC VA, ID US","  26.2","16","  21.3","15","9999.9"," 0","999.9"," 0"," 14.3","16"," 10.7","16"," 17.9","999.9","  36.0","*","  18.0","*"," 0.00","H","999.9","101000"
"72586699999","1995-02-14","42.483","-114.483","1265.0","JOSLIN FIELD MAGIC VA, ID US","  27.2","13","  23.2","13","9999.9"," 0","999.9"," 0"," 13.6","12"," 12.5","13"," 15.9","999.9","  34.9","*","  21.9","*"," 0.00","H","999.9","101000"
"72586699999","1995-02-15","42.483","-114.483","1265.0","JOSLIN FIELD MAGIC VA, ID US","  25.1","15","  13.0","15","9999.9"," 0","999.9"," 0"," 35.3","15"," 10.8","15"," 16.9","999.9","  39.9","*","  14.0","*"," 0.00","A","999.9","000000"
"72586699999","1995-02-16","42.483","-114.483","1265.0","JOSLIN FIELD MAGIC VA, ID US","  36.4","16","  21.2","16","9999.9"," 0","999.9"," 0"," 44.7","16","  8.0","16"," 19.8","999.9","  50.0","*","  27.9","*"," 0.00","B","999.9","000000"
"72586699999","1995-02-17","42.483","-114.483","1265.0","JOSLIN FIELD MAGIC VA, ID US","  44.0","14","  26.3","14","9999.9"," 0","999.9"," 0"," 45.4","14"," 12.4","14"," 19.8","999.9","  50.9","*","  36.9","*"," 0.00","B","999.9","000000"
"72586699999","1995-02-18","42.483","-114.483","1265.0","JOSLIN FIELD MAGIC VA, ID US","  45.9","13","  34.7","13","9999.9"," 0","999.9"," 0"," 45.4","13"," 12.0","13"," 17.9","999.9","  54.0","*","  41.9","*"," 0.00","B","999.9","000000"
"72586699999","1995-02-19","42.483","-114.483","1265.0","JOSLIN FIELD MAGIC VA, ID US","  50.9","12","  34.3","12","9999.9"," 0","999.9"," 0"," 51.7","12"," 10.5","12"," 15.9","999.9","  61.0","*","  41.0","*"," 0.00","B","999.9","000000"
"72586699999","1995-02-20","42.483","-114.483","1265.0","JOSLIN FIELD MAGIC VA, ID US","  48.5","11","  35.9","11","9999.9"," 0","999.9"," 0"," 39.1","11","  6.7","11","  9.9","999.9","  63.9","*","  32.9","*"," 0.00","A","999.9","000000"
"72586699999","1995-02-21","42.483","-114.483","1265.0","JOSLIN FIELD MAGIC VA, ID US","  48.1","13","  36.9","13","9999.9"," 0","999.9"," 0"," 53.8","13","  6.7","13"," 10.9","999.9","  61.9","*","  32.0","*"," 0.00","B","999.9","000000"
"72586699999","1995-02-22","42.483","-114.483","1265.0","JOSLIN FIELD MAGIC VA, ID US","  47.5","12","  35.1","12","9999.9"," 0","999.9"," 0"," 43.3","12","  9.2","12"," 12.8","999.9","  59.9","*","  37.9","*"," 0.00","A","999.9","000000"
"72586699999","1995-02-23","42.483","-114.483","1265.0","JOSLIN FIELD MAGIC VA, ID US","  49.3","14","  36.6","14","9999.9"," 0","999.9"," 0"," 33.1","13","  7.0","14"," 14.0","999.9","  59.9","*","  37.9","*"," 0.00","A","999.9","000000"
"72586699999","1995-02-24","42.483","-114.483","1265.0","JOSLIN FIELD MAGIC VA, ID US","  48.5","13","  35.6","13","9999.9"," 0","999.9"," 0"," 38.1","13","  6.6","13","  8.9","999.9","  65.8","*","  32.0","*"," 0.00","B","999.9","000000"
"72586699999","1995-02-25","42.483","-114.483","1265.0","JOSLIN FIELD MAGIC VA, ID US","  51.9","13","  33.3","13","9999.9"," 0","999.9"," 0"," 42.3","13","  7.8","13"," 15.0","999.9","  64.9","*","  37.9","*"," 0.00","B","999.9","000000"
"72586699999","1995-02-26","42.483","-114.483","1265.0","JOSLIN FIELD MAGIC VA, ID US","  49.8","13","  33.4","13","9999.9"," 0","999.9"," 0"," 33.1","13"," 11.2","13"," 12.8","999.9","  59.9","*","  39.9","*"," 0.00","B","999.9","000000"
"72586699999","1995-02-27","42.483","-114.483","1265.0","JOSLIN FIELD MAGIC VA, ID US","  46.9","13","  28.8","13","9999.9"," 0","999.9"," 0"," 36.9","13"," 11.2","13"," 16.9","999.9","  52.0","*","  43.0","*"," 0.00","I","999.9","000000"
"72586699999","1995-02-28","42.483","-114.483","1265.0","JOSLIN FIELD MAGIC VA, ID US","  39.2"," 8","  21.1"," 8","9999.9"," 0","999.9"," 0"," 41.3"," 8","  9.3"," 8"," 15.9","999.9","  47.8","*","  27.9","*"," 0.00","I","999.9","000000"
"72586699999","1995-03-01","42.483","-114.483","1265.0","JOSLIN FIELD MAGIC VA, ID US","  36.8","14","  22.9","14","9999.9"," 0","999.9"," 0"," 39.6","14","  5.5","14","  7.0","999.9","  47.8","*","  23.9","*"," 0.00","A","999.9","000000"
"72586699999","1995-03-02","42.483","-114.483","1265.0","JOSLIN FIELD MAGIC VA, ID US","  39.1","16","  20.9","16","9999.9"," 0","999.9"," 0"," 38.4","16","  8.3","16"," 15.9","999.9","  48.9","*","  27.0","*"," 0.00","B","999.9","000000"
"72586699999","1995-03-03","42.483","-114.483","1265.0","JOSLIN FIELD MAGIC VA, ID US","  41.3","15","  34.9","14","9999.9"," 0","999.9"," 0"," 21.5","15","  7.3","15"," 15.0","999.9","  45.9","*","  36.9","*"," 0.00","H","999.9","110000"
"72586699999","1995-03-04","42.483","-114.483","1265.0","JOSLIN FIELD MAGIC VA, ID US","  40.1","12","  29.7","12","9999.9"," 0","999.9"," 0"," 33.4","12"," 14.3","12"," 35.0"," 42.9","  45.0","*","  36.0","*"," 0.00","H","999.9","110000"
"72586699999","1995-03-05","42.483","-114.483","1265.0","JOSLIN FIELD MAGIC VA, ID US","  35.3","10","  26.6","10","9999.9"," 0","999.9"," 0"," 17.2","10"," 11.4","10"," 19.8","999.9","  45.9","*","  30.9","*"," 0.00","H","999.9","101000"
"72586699999","1995-03-06","42.483","-114.483","1265.0","JOSLIN FIELD MAGIC VA, ID US","  30.1","10","  21.0","10","9999.9"," 0","999.9"," 0"," 48.1","10"," 12.9","10"," 16.9","999.9","  39.9","*","  23.0","*"," 0.00","H","999.9","001000"
"72586699999","1995-03-07","42.483","-114.483","1265.0","JOSLIN FIELD MAGIC VA, ID US","  33.6"," 9","  17.9"," 9","9999.9"," 0","999.9"," 0"," 41.1"," 9","  4.3"," 9"," 11.8","999.9","  50.0","*","  23.0","*"," 0.00","I","999.9","000000"
"72586699999","1995-03-08","42.483","-114.483","1265.0","JOSLIN FIELD MAGIC VA, ID US","  44.3","13","  21.8","13","9999.9"," 0","999.9"," 0"," 41.9","13","  8.7","13"," 19.8"," 24.9","  59.0","*","  32.0","*"," 0.00","B","999.9","000000"
"72586699999","1995-03-09","42.483","-114.483","1265.0","JOSLIN FIELD MAGIC VA, ID US","  54.2","14","  27.3","13","9999.9"," 0","999.9"," 0"," 31.1","14"," 14.1","14"," 24.9","999.9","  59.0","*","  48.9","*"," 0.00","A","999.9","000000"
"72586699999","1995-03-10","42.483","-114.483","1265.0","JOSLIN FIELD MAGIC VA, ID US","  54.0","18","  36.1","17","9999.9"," 0","999.9"," 0"," 27.2","18"," 13.0","18"," 22.9"," 29.9","  61.0","*","  46.9","*"," 0.00","H","999.9","010000"
"72586699999","1995-03-11","42.483","-114.483","1265.0","JOSLIN FIELD MAGIC VA, ID US","  47.0","15","  38.7","15","9999.9"," 0","999.9"," 0"," 21.0","15"," 14.4","15"," 37.9"," 49.9","  56.8","*","  41.9","*"," 0.00","H","999.9","010000"
"72586699999","1995-03-12","42.483","-114.483","1265.0","JOSLIN FIELD MAGIC VA, ID US","  45.2","12","  34.5","12","9999.9"," 0","999.9"," 0"," 49.2","12"," 14.3","12"," 24.9","999.9","  50.9","*","  39.9","*"," 0.00","H","999.9","010000"
"72586699999","1995-03-13","42.483","-114.483","1265.0","JOSLIN FIELD MAGIC VA, ID US","  43.5","12","  37.3","12","9999.9"," 0","999.9"," 0"," 28.5","12","  7.7","12"," 15.9","999.9","  50.9","*","  38.8","*"," 0.00","H","999.9","010000"
"72586699999","1995-03-14","42.483","-114.483","1265.0","JOSLIN FIELD MAGIC VA, ID US","  49.3","12","  41.3","12","9999.9"," 0","999.9"," 0"," 27.5","12","  8.6","12"," 11.8","999.9","  56.8","*","  45.0","*"," 0.00","A","999.9","000000"
"72586699999","1995-03-15","42.483","-114.483","1265.0","JOSLIN FIELD MAGIC VA, ID US","  49.5","14","  37.9","12","9999.9"," 0","999.9"," 0"," 32.5","14"," 12.8","14"," 19.8","999.9","  55.9","*","  43.9","*"," 0.00","H","999.9","010000"
"72586699999","1995-03-16","42.483","-114.483","1265.0","JOSLIN FIELD MAGIC VA, ID US","  42.1","15","  29.3","15","9999.9"," 0","999.9"," 0"," 43.3","15"," 10.8","15"," 21.0","999.9","  52.9","*","  32.0","*"," 0.00","B","999.9","000000"
"72586699999","1995-03-17","42.483","-114.483","1265.0","JOSLIN FIELD MAGIC VA, ID US","  45.0","13","  28.6","13","9999.9"," 0","999.9"," 0"," 47.7","13","  7.5","13"," 12.8","999.9","  59.0","*","  29.8","*"," 0.00","A","999.9","000000"
"72586699999","1995-03-18","42.483","-114.483","1265.0","JOSLIN FIELD MAGIC VA, ID US","  50.2","17","  35.3","17","9999.9"," 0","999.9"," 0"," 32.6","17","  7.7","17"," 15.9"," 19.8","  59.0","*","  43.9","*"," 0.00","H","999.9","010000"
"72586699999","1995-03-19","42.483","-114.483","1265.0","JOSLIN FIELD MAGIC VA, ID US","  43.3","17","  33.9","17","9999.9"," 0","999.9"," 0"," 43.8","17"," 12.6","17"," 24.9"," 35.0","  48.9","*","  36.0","*"," 0.00","B","999.9","000000"
"72586699999","1995-03-20","42.483","-114.483","1265.0","JOSLIN FIELD MAGIC VA, ID US","  48.5","16","  35.7","16","9999.9"," 0","999.9"," 0"," 36.3","16","  7.4","16"," 17.9","999.9","  66.9","*","  37.9","*"," 0.00","H","999.9","010000"
"72586699999","1995-03-21","42.483","-114.483","1265.0","JOSLIN FIELD MAGIC VA, ID US","  41.9","13","  36.2","12","9999.9"," 0","999.9"," 0"," 19.8","13","  7.5","13"," 16.9","999.9","  50.0","*","  36.9","*","99.99"," ","999.9","110000"
"72586699999","1995-03-22","42.483","-114.483","1265.0","JOSLIN FIELD MAGIC VA, ID US","  38.5","16","  24.4","15","9999.9"," 0","999.9"," 0"," 36.9","16"," 15.3","16"," 28.0"," 35.9","  47.8","*","  30.9","*"," 0.00","H","999.9","011000"
"72586699999","1995-03-23","42.483","-114.483","1265.0","JOSLIN FIELD MAGIC VA, ID US","  43.6","16","  25.5","16","9999.9"," 0","999.9"," 0"," 29.0","16"," 17.4","16"," 29.9"," 39.8","  48.9","*","  32.9","*"," 0.00","H","999.9","111000"
"72586699999","1995-03-24","42.483","-114.483","1265.0","JOSLIN FIELD MAGIC VA, ID US","  34.0","15","  25.8","14","9999.9"," 0","999.9"," 0"," 32.0","15"," 15.1","15"," 26.8","999.9","  38.8","*","  27.9","*"," 0.00","B","999.9","000000"
"72586699999","1995-03-25","42.483","-114.483","1265.0","JOSLIN FIELD MAGIC VA, ID US","  34.3","13","  19.5","13","9999.9"," 0","999.9"," 0"," 46.9","13"," 16.8","13"," 21.0","999.9","  41.9","*","  25.0","*"," 0.00","B","999.9","000000"
"72586699999","1995-03-26","42.483","-114.483","1265.0","JOSLIN FIELD MAGIC VA, ID US","  35.0","12","  18.7","12","9999.9"," 0","999.9"," 0"," 35.8","12","  9.4","12"," 16.9","999.9","  43.9","*","  27.0","*"," 0.00","I","999.9","000000"
"72586699999","1995-03-27","42.483","-114.483","1265.0","JOSLIN FIELD MAGIC VA, ID US","  36.0","15","  21.2","15","9999.9"," 0","999.9"," 0"," 33.7","15","  6.3","14"," 11.8","999.9","  43.9","*","  27.9","*"," 0.00","B","999.9","000000"
"72586699999","1995-03-28","42.483","-114.483","1265.0","JOSLIN FIELD MAGIC VA, ID US","  36.4","14","  17.9","13","9999.9"," 0","999.9"," 0"," 32.5","14"," 10.4","14"," 19.8","999.9","  43.9","*","  25.0","*"," 0.00","A","999.9","000000"
"72586699999","1995-03-29","42.483","-114.483","1265.0","JOSLIN FIELD MAGIC VA, ID US","  37.2","13","  18.6","13","9999.9"," 0","999.9"," 0"," 40.0","13","  6.1","13"," 14.0","999.9","  45.0","*","  27.0","*"," 0.00","B","999.9","000000"
"72586699999","1995-03-30","42.483","-114.483","1265.0","JOSLIN FIELD MAGIC VA, ID US","  42.0","16","  17.9","15","9999.9"," 0","999.9"," 0"," 44.1","16","  6.5","16","  9.9","999.9","  55.9","*","  28.9","*"," 0.00","B","999.9","000000"
"72586699999","1995-03-31","42.483","-114.483","1265.0","JOSLIN FIELD MAGIC VA, ID US","  48.8","15","  23.1","14","9999.9"," 0","999.9"," 0"," 43.7","15","  7.3","15"," 15.0","999.9","  63.9","*","  36.0","*"," 0.00","B","999.9","000000"
"72586699999","1995-04-01","42.483","-114.483","1265.0","JOSLIN FIELD MAGIC VA, ID US","  53.1","18","  25.6","17","9999.9"," 0","999.9"," 0"," 46.9","18"," 11.8","18"," 15.9","999.9","  61.9","*","  41.9","*"," 0.00","B","999.9","000000"
"72586699999","1995-04-02","42.483","-114.483","1265.0","JOSLIN FIELD MAGIC VA, ID US","  44.7","18","  28.4","18","9999.9"," 0","999.9"," 0"," 42.8","18"," 15.7","18"," 25.8","999.9","  54.9","*","  32.9","*"," 0.00","H","999.9","010000"
"72586699999","1995-04-03","42.483","-114.483","1265.0","JOSLIN FIELD MAGIC VA, ID US","  50.0","15","  26.3","14","9999.9"," 0","999.9"," 0"," 51.7","15"," 13.2","15"," 16.9","999.9","  63.9","*","  38.8","*"," 0.00","A","999.9","000000"
"72586699999","1995-04-04","42.483","-114.483","1265.0","JOSLIN FIELD MAGIC VA, ID US","  58.1","12","  30.0","11","9999.9"," 0","999.9"," 0"," 44.2","12"," 11.9","11"," 15.0","999.9","  70.9","*","  46.9","*"," 0.00","B","999.9","000000"
"72586699999","1995-04-05","42.483","-114.483","1265.0","JOSLIN FIELD MAGIC VA, ID US","  58.4","15","  32.6","15","9999.9"," 0","999.9"," 0"," 46.3","15"," 11.0","15"," 15.9"," 19.8","  68.9","*","  47.8","*"," 0.00","C","999.9","000000"
"72586699999","1995-04-06","42.483","-114.483","1265.0","JOSLIN FIELD MAGIC VA, ID US","  55.4","17","  39.5","17","9999.9"," 0","999.9"," 0"," 40.6","17","  6.9","17"," 15.0","999.9","  61.9","*","  46.9","*"," 0.00","H","999.9","010000"
"72586699999","1995-04-07","42.483","-114.483","1265.0","JOSLIN FIELD MAGIC VA, ID US","  50.7","16","  41.6","16","9999.9"," 0","999.9"," 0"," 26.9","16","  6.3","16"," 16.9","999.9","  59.0","*","  43.9","*"," 0.00","H","999.9","010010"
"72586699999","1995-04-08","42.483","-114.483","1265.0","JOSLIN FIELD MAGIC VA, ID US","  43.9","18","  29.5","17","9999.9"," 0","999.9"," 0"," 36.4","18"," 13.3","18"," 24.9"," 29.9","  54.9","*","  32.9","*"," 0.00","H","999.9","111000"
"72586699999","1995-04-09","42.483","-114.483","1265.0","JOSLIN FIELD MAGIC VA, ID US","  38.5","16","  26.8","16","9999.9"," 0","999.9"," 0"," 30.5","16"," 19.9","16"," 26.8"," 32.8","  46.9","*","  30.9","*"," 0.00","H","999.9","001000"
"72586699999","1995-04-10","42.483","-114.483","1265.0","JOSLIN FIELD MAGIC VA, ID US","  40.7","15","  22.1","15","9999.9"," 0","999.9"," 0"," 56.7","15"," 16.1","15"," 29.9"," 39.8","  50.9","*","  29.8","*"," 0.00","B","999.9","000000"
"72586699999","1995-04-11","42.483","-114.483","1265.0","JOSLIN FIELD MAGIC VA, ID US","  48.1","15","  23.9","15","9999.9"," 0","999.9"," 0"," 43.3","15"," 11.0","15"," 17.9","999.9","  56.8","*","  36.9","*"," 0.00","B","999.9","000000"
"72586699999","1995-04-12","42.483","-114.483","1265.0","JOSLIN FIELD MAGIC VA, ID US","  53.8","18","  34.6","17","9999.9"," 0","999.9"," 0"," 36.1","18"," 11.1","18"," 21.0"," 25.8","  68.9","*","  34.9","*"," 0.00","C","999.9","000000"
"72586699999","1995-04-13","42.483","-114.483","1265.0","JOSLIN FIELD MAGIC VA, ID US","  58.3","17","  32.4","16","9999.9"," 0","999.9"," 0"," 40.0","17"," 15.6","17"," 26.8"," 35.0","  68.0","*","  48.9","*"," 0.00","C","999.9","000000"
"72586699999","1995-04-14","42.483","-114.483","1265.0","JOSLIN FIELD MAGIC VA, ID US","  37.4","18","  24.2","17","9999.9"," 0","999.9"," 0"," 33.5","18"," 21.7","18"," 33.8"," 42.0","  45.0","*","  30.9","*"," 0.00","H","999.9","111000"
"72586699999","1995-04-15","42.483","-114.483","1265.0","JOSLIN FIELD MAGIC VA, ID US","  34.8","14","  18.0","13","9999.9"," 0","999.9"," 0"," 33.9","14"," 10.2","14"," 49.9","999.9","  45.0","*","  25.9","*"," 0.00","A","999.9","000000"
"72586699999","1995-04-16","42.483","-114.483","1265.0","JOSLIN FIELD MAGIC VA, ID US","  36.9","11","  19.5","11","9999.9"," 0","999.9"," 0"," 46.4","11","  8.5","11"," 15.0","999.9","  45.0","*","  27.0","*"," 0.00","A","999.9","000000"
"72586699999","1995-04-17","42.483","-114.483","1265.0","JOSLIN FIELD MAGIC VA, ID US","  44.4","10","  22.8"," 7","9999.9"," 0","999.9"," 0"," 52.5","10"," 15.7","10"," 22.9","999.9","  54.9","*","  23.9","*"," 0.00","B","999.9","000000"
"72586699999","1995-04-18","42.483","-114.483","1265.0","JOSLIN FIELD MAGIC VA, ID US","  44.1","14","  27.0","13","9999.9"," 0","999.9"," 0"," 28.9","14","  7.9","14"," 14.0","999.9","  52.9","*","  32.9","*"," 0.00","B","999.9","000000"
"72586699999","1995-04-19","42.483","-114.483","1265.0","JOSLIN FIELD MAGIC VA, ID US","  43.0","15","  22.8","14","9999.9"," 0","999.9"," 0"," 31.3","15"," 14.3","14"," 24.9","999.9","  52.0","*","  34.0","*","99.99"," ","999.9","001000"
"72586699999","1995-04-20","42.483","-114.483","1265.0","JOSLIN FIELD MAGIC VA, ID US","  40.3","13","  26.3","12","9999.9"," 0","999.9"," 0"," 22.5","13"," 11.0","13"," 22.0","999.9","  50.0","*","  34.0","*"," 0.00","H","999.9","101000"
"72586699999","1995-04-21","42.483","-114.483","1265.0","JOSLIN FIELD MAGIC VA, ID US","  41.7","15","  30.2","14","9999.9"," 0","999.9"," 0"," 40.7","15"," 11.6","14"," 17.9","999.9","  54.9","*","  34.0","*"," 0.00","A","999.9","000000"
"72586699999","1995-04-22","42.483","-114.483","1265.0","JOSLIN FIELD MAGIC VA, ID US","  45.7","15","  28.2","14","9999.9"," 0","999.9"," 0"," 42.3","15"," 12.4","15"," 22.0","999.9","  63.0","*","  34.0","*"," 0.00","B","999.9","000000"
"72586699999","1995-04-23","42.483","-114.483","1265.0","JOSLIN FIELD MAGIC VA, ID US","  51.0","12","  27.9","12","9999.9"," 0","999.9"," 0"," 43.8","12"," 10.0","12"," 15.9","999.9","  59.9","*","  34.9","*"," 0.00","C","999.9","000000"
"72586699999","1995-04-24","42.483","-114.483","1265.0","JOSLIN FIELD MAGIC VA, ID US","  54.0","17","  23.5","16","9999.9"," 0","999.9"," 0"," 39.7","17","  9.9","17"," 24.9","999.9","  64.9","*","  36.0","*"," 0.00","A","999.9","000000"
"72586699999","1995-04-25","42.483","-114.483","1265.0","JOSLIN FIELD MAGIC VA, ID US","  55.1","13","  30.8","12","9999.9"," 0","999.9"," 0"," 44.6","13"," 13.3","12"," 23.9"," 24.9","  64.9","*","  45.0","*"," 0.00","B","999.9","000000"
"72586699999","1995-04-26","42.483","-114.483","1265.0","JOSLIN FIELD MAGIC VA, ID US","  51.1","15","  33.5","15","9999.9"," 0","999.9"," 0"," 41.0","15","  6.9","15"," 17.9","999.9","  61.9","*","  36.0","*"," 0.00","C","999.9","000000"
"72586699999","1995-04-27","42.483","-114.483","1265.0","JOSLIN FIELD MAGIC VA, ID US","  55.4","16","  31.6","15","9999.9"," 0","999.9"," 0"," 45.6","16","  7.2","16"," 14.0","999.9","  68.0","*","  37.9","*"," 0.00","C","999.9","000000"
"72586699999","1995-04-28","42.483","-114.483","1265.0","JOSLIN FIELD MAGIC VA, ID US","  51.9","15","  34.4","15","9999.9"," 0","999.9"," 0"," 50.3","15","  7.7","15"," 15.0"," 24.9","  66.9","*","  39.9","*"," 0.00","C","999.9","000000"
"72586699999","1995-04-29","42.483","-114.483","1265.0","JOSLIN FIELD MAGIC VA, ID US","  45.8","18","  41.6","17","9999.9"," 0","999.9"," 0"," 16.4","18","  5.6","18","  9.9","999.9","  52.9","*","  41.9","*"," 0.00","H","999.9","110000"
"72586699999","1995-04-30","42.483","-114.483","1265.0","JOSLIN FIELD MAGIC VA, ID US","  49.6"," 7","  36.8"," 7","9999.9"," 0","999.9"," 0"," 28.6"," 7"," 12.3"," 7"," 15.0","999.9","  56.8","*","  43.9","*","99.99"," ","999.9","010000"
"72586699999","1995-05-01","42.483","-114.483","1265.0","JOSLIN FIELD MAGIC VA, ID US","  49.6","14","  38.5","13","9999.9"," 0","999.9"," 0"," 27.1","14","  9.7","14"," 24.9","999.9","  56.8","*","  41.0","*"," 0.00","H","999.9","010010"
"72586699999","1995-05-02","42.483","-114.483","1265.0","JOSLIN FIELD MAGIC VA, ID US","  48.6","17","  41.4","16","9999.9"," 0","999.9"," 0"," 23.8","17"," 11.8","17"," 19.8","999.9","  56.8","*","  43.0","*"," 0.00","H","999.9","010000"
"72586699999","1995-05-03","42.483","-114.483","1265.0","JOSLIN FIELD MAGIC VA, ID US","  50.0","15","  36.2","15","9999.9"," 0","999.9"," 0"," 33.3","15"," 11.9","15"," 15.9","999.9","  59.0","*","  36.9","*"," 0.00","B","999.9","000000"
"72586699999","1995-05-04","42.483","-114.483","1265.0","JOSLIN FIELD MAGIC VA, ID US","  49.3","19","  39.5","18","9999.9"," 0","999.9"," 0"," 32.1","19","  5.7","19","  9.9","999.9","  59.0","*","  43.0","*"," 0.00","H","999.9","110010"
"72586699999","1995-05-05","42.483","-114.483","1265.0","JOSLIN FIELD MAGIC VA, ID US","  46.3","15","  41.6","14","9999.9"," 0","999.9"," 0"," 23.9","15"," 10.2","15"," 22.0","999.9","  54.0","*","  39.9","*"," 0.00","H","999.9","110010"
"72586699999","1995-05-06","42.483","-114.483","1265.0","JOSLIN FIELD MAGIC VA, ID US","  44.9","16","  40.2","16","9999.9"," 0","999.9"," 0"," 11.1","16"," 12.9","16"," 19.8","999.9","  54.9","*","  41.9","*"," 0.00","H","999.9","110000"
"72586699999","1995-05-07","42.483","-114.483","1265.0","JOSLIN FIELD MAGIC VA, ID US","  45.1","16","  40.8","16","9999.9"," 0","999.9"," 0"," 14.9","15"," 10.0","16"," 17.9","999.9","  54.0","*","  41.0","*"," 0.00","H","999.9","110000"
"72586699999","1995-05-08","42.483","-114.483","1265.0","JOSLIN FIELD MAGIC VA, ID US","  52.3","18","  41.4","16","9999.9"," 0","999.9"," 0"," 27.8","18","  8.7","18"," 22.0","999.9","  61.9","*","  41.9","*"," 0.00","B","999.9","000000"
"72586699999","1995-05-09","42.483","-114.483","1265.0","JOSLIN FIELD MAGIC VA, ID US","  55.9","15","  41.6","14","9999.9"," 0","999.9"," 0"," 37.3","15","  7.3","15","999.9","999.9","  63.9","*","  41.0","*"," 0.00","C","999.9","000000"
"72586699999","1995-05-10","42.483","-114.483","1265.0","JOSLIN FIELD MAGIC VA, ID US","  55.3","17","  45.4","16","9999.9"," 0","999.9"," 0"," 30.6","17","  7.9","16"," 15.0","999.9","  61.9","*","  47.8","*"," 0.00","H","999.9","010000"
"72586699999","1995-05-11","42.483","-114.483","1265.0","JOSLIN FIELD MAGIC VA, ID US","  50.6","17","  44.0","16","9999.9"," 0","999.9"," 0"," 23.1","16","  8.8","17"," 15.9","999.9","  59.9","*","  45.0","*"," 0.00","H","999.9","110000"
"72586699999","1995-05-12","42.483","-114.483","1265.0","JOSLIN FIELD MAGIC VA, ID US","  45.4","15","  32.5","15","9999.9"," 0","999.9"," 0"," 35.7","15"," 17.1","15"," 24.9"," 29.9","  52.9","*","  30.9","*"," 0.00","C","999.9","000000"
"72586699999","1995-05-13","42.483","-114.483","1265.0","JOSLIN FIELD MAGIC VA, ID US","  46.7","16","  31.3","15","9999.9"," 0","999.9"," 0"," 37.8","16"," 11.2","16"," 19.8","999.9","  52.9","*","  36.9","*"," 0.00","C","999.9","000000"
"72586699999","1995-05-14","42.483","-114.483","1265.0","JOSLIN FIELD MAGIC VA, ID US","  50.1","13","  35.0","13","9999.9"," 0","999.9"," 0"," 46.2","13"," 13.3","13"," 21.0","999.9","  61.0","*","  38.8","*"," 0.00","B","999.9","000000"
"72586699999","1995-05-15","42.483","-114.483","1265.0","JOSLIN FIELD MAGIC VA, ID US","  55.5","18","  40.8","17","9999.9"," 0","999.9"," 0"," 49.7","18","  9.4","18"," 19.8"," 29.9","  68.9","*","  37.9","*"," 0.00","C","999.9","000000"
"72586699999","1995-05-16","42.483","-114.483","1265.0","JOSLIN FIELD MAGIC VA, ID US","  56.8","14","  39.6","13","9999.9"," 0","999.9"," 0"," 60.4","14","  9.1","13"," 15.0","999.9","  66.9","*","  43.9","*"," 0.00","B","999.9","000000"
"72586699999","1995-05-17","42.483","-114.483","1265.0","JOSLIN FIELD MAGIC VA, ID US","  58.6","16","  42.7","15","9999.9"," 0","999.9"," 0"," 43.4","16"," 13.1","15"," 19.8","999.9","  68.9","*","  46.9","*"," 0.00","C","999.9","000000"
"72586699999","1995-05-18","42.483","-114.483","1265.0","JOSLIN FIELD MAGIC VA, ID US","  60.1","17","  38.3","16","9999.9"," 0","999.9"," 0"," 49.4","17"," 13.0","16"," 16.9","999.9","  68.0","*","  47.8","*"," 0.00","C","999.9","000000"
"72586699999","1995-05-19","42.483","-114.483","1265.0","JOSLIN FIELD MAGIC VA, ID US","  59.5","14","  34.6","14","9999.9"," 0","999.9"," 0"," 62.1","14","  9.7","14"," 15.0","999.9","  68.9","*","  45.0","*"," 0.00","C","999.9","000000"
"72586699999","1995-05-20","42.483","-114.483","1265.0","JOSLIN FIELD MAGIC VA, ID US","  64.2","15","  36.0","15","9999.9"," 0","999.9"," 0"," 54.7","15","  6.0","15"," 11.8","999.9","  74.8","*","  48.9","*"," 0.00","B","999.9","000000"
"72586699999","1995-05-21","42.483","-114.483","1265.0","JOSLIN FIELD MAGIC VA, ID US","  65.4","13","  40.6","13","9999.9"," 0","999.9"," 0"," 50.0","13","  6.7","13"," 15.0","999.9","  73.9","*","  52.0","*"," 0.00","C","999.9","000000"
"72586699999","1995-05-22","42.483","-114.483","1265.0","JOSLIN FIELD MAGIC VA, ID US","  59.5","15","  42.4","14","9999.9"," 0","999.9"," 0"," 43.7","15","  7.1","14"," 11.8","999.9","  72.0","*","  50.9","*"," 0.00","A","999.9","000000"
"72586699999","1995-05-23","42.483","-114.483","1265.0","JOSLIN FIELD MAGIC VA, ID US","  54.0","14","  40.2","13","9999.9"," 0","999.9"," 0"," 35.6","14","  9.4","13"," 19.8","999.9","  63.0","*","  43.9","*","99.99"," ","999.9","110000"
"72586699999","1995-05-24","42.483","-114.483","1265.0","JOSLIN FIELD MAGIC VA, ID US","  52.2","17","  39.6","16","9999.9"," 0","999.9"," 0"," 44.4","17"," 11.0","16"," 17.9","999.9","  59.9","*","  45.9","*"," 0.00","C","999.9","000000"
"72586699999","1995-05-25","42.483","-114.483","1265.0","JOSLIN FIELD MAGIC VA, ID US","  53.4","16","  42.4","15","9999.9"," 0","999.9"," 0"," 25.2","15","  7.2","15"," 17.9","999.9","  61.9","*","  46.9","*"," 0.00","H","999.9","010000"
"72586699999","1995-05-26","42.483","-114.483","1265.0","JOSLIN FIELD MAGIC VA, ID US","  55.7","13","  36.2","13","9999.9"," 0","999.9"," 0"," 37.7","13"," 15.4","13"," 23.9"," 24.9","  63.0","*","  47.8","*"," 0.00","C","999.9","000000"
"72586699999","1995-05-27","42.483","-114.483","1265.0","JOSLIN FIELD MAGIC VA, ID US","  53.9","18","  36.1","17","9999.9"," 0","999.9"," 0"," 47.5","18","  7.6","18"," 15.0","999.9","  63.9","*","  41.0","*"," 0.00","B","999.9","000000"
"72586699999","1995-05-28","42.483","-114.483","1265.0","JOSLIN FIELD MAGIC VA, ID US","  59.6","11","  38.4","11","9999.9"," 0","999.9"," 0"," 57.3","11","  6.4","11","  9.9","999.9","  70.9","*","  43.0","*"," 0.00","C","999.9","000000"
"72586699999","1995-05-29","42.483","-114.483","1265.0","JOSLIN FIELD MAGIC VA, ID US","  63.1","14","  40.2","13","9999.9"," 0","999.9"," 0"," 57.1","14","  6.4","13","  9.9","999.9","  77.0","*","  45.0","*"," 0.00","A","999.9","000000"
"72586699999","1995-05-30","42.483","-114.483","1265.0","JOSLIN FIELD MAGIC VA, ID US","  68.1","13","  41.3","12","9999.9"," 0","999.9"," 0"," 48.5","13","  9.6","12"," 17.9","999.9","  79.0","*","  52.9","*"," 0.00","A","999.9","000000"
"72586699999","1995-05-31","42.483","-114.483","1265.0","JOSLIN FIELD MAGIC VA, ID US","  68.4","18","  45.6","17","9999.9"," 0","999.9"," 0"," 44.4","18","  8.2","17"," 15.0","999.9","  77.9","*","  55.9","*"," 0.00","C","999.9","000000"
"72586699999","1995-06-01","42.483","-114.483","1265.0","JOSLIN FIELD MAGIC VA, ID US","  64.5","16","  49.4","15","9999.9"," 0","999.9"," 0"," 45.0","16","  7.9","16"," 25.8","999.9","  74.8","*","  47.8","*"," 0.00","H","999.9","010010"
"72586699999","1995-06-02","42.483","-114.483","1265.0","JOSLIN FIELD MAGIC VA, ID US","  62.0","17","  51.0","17","9999.9"," 0","999.9"," 0"," 37.4","17","  5.8","17"," 12.8","999.9","  73.9","*","  52.9","*"," 0.00","H","999.9","010000"
"72586699999","1995-06-03","42.483","-114.483","1265.0","JOSLIN FIELD MAGIC VA, ID US","  60.3","16","  52.7","16","9999.9"," 0","999.9"," 0"," 23.1","16","  8.9","16"," 17.9","999.9","  68.0","*","  54.0","*"," 0.00","H","999.9","010000"
"72586699999","1995-06-04","42.483","-114.483","1265.0","JOSLIN FIELD MAGIC VA, ID US","  63.5","13","  47.5","13","9999.9"," 0","999.9"," 0"," 44.6","13"," 10.8","13"," 17.9","999.9","  75.9","*","  52.0","*"," 0.00","H","999.9","010000"
"72586699999","1995-06-05","42.483","-114.483","1265.0","JOSLIN FIELD MAGIC VA, ID US","  60.0","18","  46.3","17","9999.9"," 0","999.9"," 0"," 33.4","18"," 14.6","17"," 29.9"," 49.9","  75.9","*","  39.9","*"," 0.00","H","999.9","110010"
"72586699999","1995-06-06","42.483","-114.483","1265.0","JOSLIN FIELD MAGIC VA, ID US","  43.0","17","  30.9","16","9999.9"," 0","999.9"," 0"," 44.4","16"," 16.1","16"," 19.8","999.9","  52.0","*","  34.0","*"," 0.00","H","999.9","110000"
"72586699999","1995-06-07","42.483","-114.483","1265.0","JOSLIN FIELD MAGIC VA, ID US","  43.8","15","  34.3","15","9999.9"," 0","999.9"," 0"," 39.3","15","  7.2","15"," 16.9","999.9","  48.9","*","  32.0","*"," 0.00","H","999.9","110000"
"72586699999","1995-06-08","42.483","-114.483","1265.0","JOSLIN FIELD MAGIC VA, ID US","  46.2","17","  43.5","16","9999.9"," 0","999.9"," 0"," 12.8","17","  7.8","17"," 12.8","999.9","  48.9","*","  43.9","*"," 0.00","H","999.9","110000"
"72586699999","1995-06-09","42.483","-114.483","1265.0","JOSLIN FIELD MAGIC VA, ID US","  50.2","17","  45.3","16","9999.9"," 0","999.9"," 0"," 15.4","17","  7.9","17"," 15.9","999.9","  59.0","*","  45.9","*"," 0.00","H","999.9","010000"
"72586699999","1995-06-10","42.483","-114.483","1265.0","JOSLIN FIELD MAGIC VA, ID US","  57.5","17","  43.6","17","9999.9"," 0","999.9"," 0"," 51.2","17","  7.9","17"," 12.8","999.9","  70.9","*","  41.0","*"," 0.00","B","999.9","000000"
"72586699999","1995-06-11","42.483","-114.483","1265.0","JOSLIN FIELD MAGIC VA, ID US","  66.7","10","  46.0","10","9999.9"," 0","999.9"," 0"," 61.0","10"," 10.8"," 9"," 19.8","999.9","  77.9","*","  55.9","*"," 0.00","A","999.9","000000"
"72586699999","1995-06-12","42.483","-114.483","1265.0","JOSLIN FIELD MAGIC VA, ID US","  70.7","16","  47.9","15","9999.9"," 0","999.9"," 0"," 65.0","16","  7.7","16"," 10.9","999.9","  81.0","*","  52.9","*"," 0.00","B","999.9","000000"
"72586699999","1995-06-13","42.483","-114.483","1265.0","JOSLIN FIELD MAGIC VA, ID US","  70.4","15","  40.4","13","9999.9"," 0","999.9"," 0"," 47.3","15","  7.6","13"," 11.8","999.9","  79.9","*","  57.9","*"," 0.00","C","999.9","000000"
"72586699999","1995-06-14","42.483","-114.483","1265.0","JOSLIN FIELD MAGIC VA, ID US","  66.2","17","  44.9","15","9999.9"," 0","999.9"," 0"," 48.8","17","  5.8","16","  8.0","999.9","  73.9","*","  52.0","*"," 0.00","C","999.9","000000"
"72586699999","1995-06-15","42.483","-114.483","1265.0","JOSLIN FIELD MAGIC VA, ID US","  63.3","16","  44.1","13","9999.9"," 0","999.9"," 0"," 46.9","16","  7.7","15"," 12.8","999.9","  72.0","*","  45.9","*"," 0.00","B","999.9","000000"
"72586699999","1995-06-16","42.483","-114.483","1265.0","JOSLIN FIELD MAGIC VA, ID US","  62.4","18","  45.9","16","9999.9"," 0","999.9"," 0"," 35.8","18","  8.5","18"," 15.9","999.9","  73.9","*","  47.8","*"," 0.00","C","999.9","000000"
"72586699999","1995-06-17","42.483","-114.483","1265.0","JOSLIN FIELD MAGIC VA, ID US","  63.8","15","  37.7","15","9999.9"," 0","999.9"," 0"," 50.0","15"," 14.2","15"," 19.8"," 39.8","  73.9","*","  52.0","*"," 0.00","C","999.9","000000"
"72586699999","1995-06-18","42.483","-114.483","1265.0","JOSLIN FIELD MAGIC VA, ID US","  58.9","15","  47.2","14","9999.9"," 0","999.9"," 0"," 31.7","15"," 10.4","14"," 22.9","999.9","  65.8","*","  50.9","*"," 0.00","H","999.9","010010"
"72586699999","1995-06-19","42.483","-114.483","1265.0","JOSLIN FIELD MAGIC VA, ID US","  52.3","14","  44.3","13","9999.9"," 0","999.9"," 0"," 32.9","14","  9.6","14"," 17.9","999.9","  63.0","*","  46.9","*"," 0.00","B","999.9","000000"
"72586699999","1995-06-20","42.483","-114.483","1265.0","JOSLIN FIELD MAGIC VA, ID US","  54.1","15","  34.5","13","9999.9"," 0","999.9"," 0"," 45.3","15"," 10.6","14"," 15.9","999.9","  61.9","*","  41.0","*"," 0.00","B","999.9","000000"
"72586699999","1995-06-21","42.483","-114.483","1265.0","JOSLIN FIELD MAGIC VA, ID US","  50.7","17","  39.6","15","9999.9"," 0","999.9"," 0"," 31.5","17","  9.8","16"," 15.0","999.9","  59.9","*","  45.0","*"," 0.00","H","999.9","010000"
"72586699999","1995-06-22","42.483","-114.483","1265.0","JOSLIN FIELD MAGIC VA, ID US","  59.5","18","  43.5","16","9999.9"," 0","999.9"," 0"," 56.7","18","  7.8","18"," 15.0","999.9","  72.9","*","  46.9","*"," 0.00","C","999.9","000000"
"72586699999","1995-06-23","42.483","-114.483","1265.0","JOSLIN FIELD MAGIC VA, ID US","  65.3","17","  43.5","15","9999.9"," 0","999.9"," 0"," 55.3","17","  7.6","17"," 14.0","999.9","  77.9","*","  48.9","*"," 0.00","C","999.9","000000"
"72586699999","1995-06-24","42.483","-114.483","1265.0","JOSLIN FIELD MAGIC VA, ID US","  70.1","13","  41.5","12","9999.9"," 0","999.9"," 0"," 50.8","13","  6.1","13"," 11.8","999.9","  81.9","*","  52.9","*"," 0.00","C","999.9","000000"
"72586699999","1995-06-25","42.483","-114.483","1265.0","JOSLIN FIELD MAGIC VA, ID US","  74.7","14","  43.6","13","9999.9"," 0","999.9"," 0"," 53.2","14","  7.2","14"," 10.9","999.9","  86.0","*","  56.8","*"," 0.00","C","999.9","000000"
"72586699999","1995-06-26","42.483","-114.483","1265.0","JOSLIN FIELD MAGIC VA, ID US","  77.4","17","  43.9","15","9999.9"," 0","999.9"," 0"," 60.3","17","  5.3","16"," 15.0","999.9","  90.0","*","  57.9","*"," 0.00","B","999.9","000000"
"72586699999","1995-06-27","42.483","-114.483","1265.0","JOSLIN FIELD MAGIC VA, ID US","  70.7","15","  46.7","13","9999.9"," 0","999.9"," 0"," 39.0","15"," 12.4","14"," 44.9","999.9","  81.9","*","  55.9","*"," 0.00","B","999.9","000000"
"72586699999","1995-06-28","42.483","-114.483","1265.0","JOSLIN FIELD MAGIC VA, ID US","  68.2","18","  37.1","16","9999.9"," 0","999.9"," 0"," 43.3","18"," 10.9","17"," 15.0","999.9","  79.9","*","  52.9","*"," 0.00","C","999.9","000000"
"72586699999","1995-06-29","42.483","-114.483","1265.0","JOSLIN FIELD MAGIC VA, ID US","  64.8","17","  36.6","14","9999.9"," 0","999.9"," 0"," 23.2","17"," 14.1","15"," 19.8","999.9","  77.0","*","  52.9","*"," 0.00","C","999.9","000000"
"72586699999","1995-06-30","42.483","-114.483","1265.0","JOSLIN FIELD MAGIC VA, ID US","  69.1","16","  42.5","15","9999.9"," 0","999.9"," 0"," 22.5","16"," 10.5","16"," 15.0","999.9","  81.9","*","  52.0","*"," 0.00","B","999.9","000000"
"72586699999","1995-07-01","42.483","-114.483","1265.0","JOSLIN FIELD MAGIC VA, ID US","  73.3","12","  44.2","11","9999.9"," 0","999.9"," 0"," 35.0","12","  9.4","12"," 15.0","999.9","  81.9","*","  54.9","*"," 0.00","B","999.9","000000"
"72586699999","1995-07-02","42.483","-114.483","1265.0","JOSLIN FIELD MAGIC VA, ID US","  74.4","16","  44.2","15","9999.9"," 0","999.9"," 0"," 39.4","16"," 10.7","16"," 19.8","999.9","  84.9","*","  55.9","*"," 0.00","C","999.9","000000"
"72586699999","1995-07-03","42.483","-114.483","1265.0","JOSLIN FIELD MAGIC VA, ID US","  63.8","14","  45.8","13","9999.9"," 0","999.9"," 0"," 25.4","14"," 17.8","14"," 24.9"," 29.9","  72.0","*","  54.9","*"," 0.00","B","999.9","000000"
"72586699999","1995-07-04","42.483","-114.483","1265.0","JOSLIN FIELD MAGIC VA, ID US","  69.0","14","  40.7","13","9999.9"," 0","999.9"," 0"," 57.9","14"," 14.0","14"," 23.9","999.9","  77.9","*","  57.9","*"," 0.00","B","999.9","000000"
"72586699999","1995-07-05","42.483","-114.483","1265.0","JOSLIN FIELD MAGIC VA, ID US","  72.8","15","  42.0","14","9999.9"," 0","999.9"," 0"," 62.0","15","  7.2","15"," 11.8","999.9","  86.9","*","  54.0","*"," 0.00","B","999.9","000000"
"72586699999","1995-07-06","42.483","-114.483","1265.0","JOSLIN FIELD MAGIC VA, ID US","  78.5","15","  46.4","14","9999.9"," 0","999.9"," 0"," 58.0","15","  8.3","15"," 16.9","999.9","  90.9","*","  63.9","*"," 0.00","B","999.9","000000"
"72586699999","1995-07-07","42.483","-114.483","1265.0","JOSLIN FIELD MAGIC VA, ID US","  77.5","14","  45.6","14","9999.9"," 0","999.9"," 0"," 53.6","14","  8.8","14"," 35.0","999.9","  88.0","*","  57.9","*"," 0.00","C","999.9","000000"
"72586699999","1995-07-08","42.483","-114.483","1265.0","JOSLIN FIELD MAGIC VA, ID US","  81.0","16","  50.1","15","9999.9"," 0","999.9"," 0"," 61.9","16","  7.2","16"," 15.9","999.9","  91.9","*","  61.0","*"," 0.00","H","999.9","010010"
"72586699999","1995-07-09","42.483","-114.483","1265.0","JOSLIN FIELD MAGIC VA, ID US","  80.3","12","  52.2","11","9999.9"," 0","999.9"," 0"," 47.9","12"," 11.4","12"," 24.9","999.9","  95.9","*","  61.0","*"," 0.00","C","999.9","000000"
"72586699999","1995-07-10","42.483","-114.483","1265.0","JOSLIN FIELD MAGIC VA, ID US","  72.3","14","  55.2","12","9999.9"," 0","999.9"," 0"," 38.9","14","  9.0","14"," 19.8","999.9","  88.9","*","  63.0","*"," 0.00","B","999.9","000010"
"72586699999","1995-07-11","42.483","-114.483","1265.0","JOSLIN FIELD MAGIC VA, ID US","  72.2","16","  55.9","14","9999.9"," 0","999.9"," 0"," 36.3","16","  8.5","16"," 14.0","999.9","  82.9","*","  59.9","*"," 0.00","H","999.9","010010"
"72586699999","1995-07-12","42.483","-114.483","1265.0","JOSLIN FIELD MAGIC VA, ID US","  70.3","18","  49.9","16","9999.9"," 0","999.9"," 0"," 45.6","18"," 11.9","17"," 35.0","999.9","  81.9","*","  56.8","*"," 0.00","C","999.9","000000"
"72586699999","1995-07-13","42.483","-114.483","1265.0","JOSLIN FIELD MAGIC VA, ID US","  61.6","16","  43.3","15","9999.9"," 0","999.9"," 0"," 58.1","16"," 10.5","16"," 22.0","999.9","  72.9","*","  45.9","*"," 0.00","C","999.9","000000"
"72586699999","1995-07-14","42.483","-114.483","1265.0","JOSLIN FIELD MAGIC VA, ID US","  66.5","15","  42.4","13","9999.9"," 0","999.9"," 0"," 55.3","15","  8.4","15"," 17.9","999.9","  79.0","*","  52.0","*"," 0.00","C","999.9","000000"
"72586699999","1995-07-15","42.483","-114.483","1265.0","JOSLIN FIELD MAGIC VA, ID US","  76.2","10","  41.2"," 9","9999.9"," 0","999.9"," 0"," 51.0","10","  7.3","10"," 11.8","999.9","  86.9","*","  54.9","*"," 0.00","C","999.9","000000"
"72586699999","1995-07-16","42.483","-114.483","1265.0","JOSLIN FIELD MAGIC VA, ID US","  73.7","11","  42.8","10","9999.9"," 0","999.9"," 0"," 49.1","11","  7.7","11"," 11.8","999.9","  86.9","*","  61.0","*"," 0.00","B","999.9","000000"
"72586699999","1995-07-17","42.483","-114.483","1265.0","JOSLIN FIELD MAGIC VA, ID US","  76.2","15","  43.5","13","9999.9"," 0","999.9"," 0"," 48.3","15","  9.0","15"," 11.8","999.9","  88.9","*","  61.0","*"," 0.00","C","999.9","000000"
"72586699999","1995-07-18","42.483","-114.483","1265.0","JOSLIN FIELD MAGIC VA, ID US","  77.6","16","  45.4","14","9999.9"," 0","999.9"," 0"," 28.1","16"," 10.4","15"," 15.0","999.9","  88.9","*","  63.0","*"," 0.00","C","999.9","000000"
"72586699999","1995-07-19","42.483","-114.483","1265.0","JOSLIN FIELD MAGIC VA, ID US","  76.9","15","  48.8","14","9999.9"," 0","999.9"," 0"," 32.7","15","  9.2","14"," 15.0","999.9","  88.0","*","  66.9","*"," 0.00","B","999.9","000000"
"72586699999","1995-07-20","42.483","-114.483","1265.0","JOSLIN FIELD MAGIC VA, ID US","  75.7","16","  48.1","14","9999.9"," 0","999.9"," 0"," 53.4","16","  8.4","14"," 15.9","999.9","  86.0","*","  59.9","*"," 0.00","C","999.9","000000"
"72586699999","1995-07-21","42.483","-114.483","1265.0","JOSLIN FIELD MAGIC VA, ID US","  75.1","14","  46.3","12","9999.9"," 0","999.9"," 0"," 52.9","14"," 10.5","14"," 15.0","999.9","  86.9","*","  61.0","*"," 0.00","C","999.9","000000"
"72586699999","1995-07-22","42.483","-114.483","1265.0","JOSLIN FIELD MAGIC VA, ID US","  75.4","16","  44.8","15","9999.9"," 0","999.9"," 0"," 46.3","16"," 11.8","16"," 19.8","999.9","  86.9","*","  61.9","*"," 0.00","C","999.9","000000"
"72586699999","1995-07-23","42.483","-114.483","1265.0","JOSLIN FIELD MAGIC VA, ID US","  75.2","11","  43.7","10","9999.9"," 0","999.9"," 0"," 39.1","11"," 13.2","11"," 19.8","999.9","  86.0","*","  59.0","*"," 0.00","A","999.9","000000"
"72586699999","1995-07-24","42.483","-114.483","1265.0","JOSLIN FIELD MAGIC VA, ID US","  79.2","14","  44.6","13","9999.9"," 0","999.9"," 0"," 47.1","14"," 11.0","14"," 17.9","999.9","  88.0","*","  63.0","*"," 0.00","A","999.9","000000"
"72586699999","1995-07-25","42.483","-114.483","1265.0","JOSLIN FIELD MAGIC VA, ID US","  80.6","14","  41.6","13","9999.9"," 0","999.9"," 0"," 55.0","14","  9.0","13"," 15.0","999.9","  90.0","*","  61.0","*"," 0.00","A","999.9","000000"
"72586699999","1995-07-26","42.483","-114.483","1265.0","JOSLIN FIELD MAGIC VA, ID US","  80.0","18","  32.5","16","9999.9"," 0","999.9"," 0"," 51.9","18"," 16.7","18"," 29.9","999.9","  90.9","*","  68.0","*"," 0.00","C","999.9","000000"
"72586699999","1995-07-27","42.483","-114.483","1265.0","JOSLIN FIELD MAGIC VA, ID US","  79.5","18","  40.5","16","9999.9"," 0","999.9"," 0"," 53.4","16","  9.1","18"," 12.8","999.9","  90.9","*","  65.8","*"," 0.00","C","999.9","000000"
"72586699999","1995-07-28","42.483","-114.483","1265.0","JOSLIN FIELD MAGIC VA, ID US","  84.6","17","  39.5","15","9999.9"," 0","999.9"," 0"," 57.1","17","  7.6","17"," 11.8","999.9","  97.9","*","  68.0","*"," 0.00","B","999.9","000000"
"72586699999","1995-07-29","42.483","-114.483","1265.0","JOSLIN FIELD MAGIC VA, ID US","  84.1","15","  47.4","13","9999.9"," 0","999.9"," 0"," 41.6","15","  9.8","15"," 19.8","999.9","  97.0","*","  70.0","*"," 0.00","H","999.9","010010"
"72586699999","1995-07-30","42.483","-114.483","1265.0","JOSLIN FIELD MAGIC VA, ID US","  67.4"," 8","  32.9"," 8","9999.9"," 0","999.9"," 0"," 39.0"," 8"," 13.9"," 8","999.9","999.9","  73.9","*","  52.0","*"," 0.00","A","999.9","000000"
"72586699999","1995-07-31","42.483","-114.483","1265.0","JOSLIN FIELD MAGIC VA, ID US","  69.8","13","  33.5","13","9999.9"," 0","999.9"," 0"," 45.8","13","  9.0","13"," 12.8","999.9","  82.9","*","  47.8","*"," 0.00","B","999.9","000000"
"72586699999","1995-08-01","42.483","-114.483","1265.0","JOSLIN FIELD MAGIC VA, ID US","  77.5","12","  36.7","10","9999.9"," 0","999.9"," 0"," 31.7","12","  7.0","12","  9.9","999.9","  91.9","*","  52.0","*"," 0.00","A","999.9","000000"
"72586699999","1995-08-02","42.483","-114.483","1265.0","JOSLIN FIELD MAGIC VA, ID US","  81.4","18","  37.0","16","9999.9"," 0","999.9"," 0"," 36.7","18","  9.7","17"," 15.9","999.9","  90.9","*","  63.9","*"," 0.00","C","999.9","000000"
"72586699999","1995-08-03","42.483","-114.483","1265.0","JOSLIN FIELD MAGIC VA, ID US","  81.5","14","  42.1","13","9999.9"," 0","999.9"," 0"," 37.9","14","  7.0","14"," 10.9","999.9","  91.9","*","  61.9","*"," 0.00","B","999.9","000000"
"72586699999","1995-08-04","42.483","-114.483","1265.0","JOSLIN FIELD MAGIC VA, ID US","  81.1","16","  42.6","14","9999.9"," 0","999.9"," 0"," 40.9","16","  8.9","16"," 12.8","999.9","  91.9","*","  63.9","*"," 0.00","C","999.9","000000"
"72586699999","1995-08-05","42.483","-114.483","1265.0","JOSLIN FIELD MAGIC VA, ID US","  81.0","15","  45.8","14","9999.9"," 0","999.9"," 0"," 50.3","15","  8.0","15"," 18.8","999.9","  91.9","*","  63.0","*"," 0.00","C","999.9","000000"
"72586699999","1995-08-06","42.483","-114.483","1265.0","JOSLIN FIELD MAGIC VA, ID US","  84.5","15","  45.4","14","9999.9"," 0","999.9"," 0"," 48.0","15","  8.8","15"," 11.8","999.9","  92.8","*","  64.9","*"," 0.00","C","999.9","000000"
"72586699999","1995-08-07","42.483","-114.483","1265.0","JOSLIN FIELD MAGIC VA, ID US","  81.5","17","  39.4","16","9999.9"," 0","999.9"," 0"," 40.8","17"," 10.8","17"," 24.9"," 31.9","  93.9","*","  68.0","*"," 0.00","C","999.9","000000"
"72586699999","1995-08-08","42.483","-114.483","1265.0","JOSLIN FIELD MAGIC VA, ID US","  62.9","16","  35.9","16","9999.9"," 0","999.9"," 0"," 44.1","16"," 13.8","16"," 19.8","999.9","  73.9","*","  45.9","*"," 0.00","B","999.9","000000"
"72586699999","1995-08-09","42.483","-114.483","1265.0","JOSLIN FIELD MAGIC VA, ID US","  67.6","17","  32.2","15","9999.9"," 0","999.9"," 0"," 49.7","17","  8.1","17"," 14.0","999.9","  86.0","*","  47.8","*"," 0.00","B","999.9","000000"
"72586699999","1995-08-10","42.483","-114.483","1265.0","JOSLIN FIELD MAGIC VA, ID US","  79.8","15","  37.6","14","9999.9"," 0","999.9"," 0"," 51.0","15","  8.3","15"," 15.0","999.9","  88.9","*","  59.0","*"," 0.00","C","999.9","000000"
"72586699999","1995-08-11","42.483","-114.483","1265.0","JOSLIN FIELD MAGIC VA, ID US","  71.1","17","  38.2","15","9999.9"," 0","999.9"," 0"," 51.2","17"," 11.0","17"," 15.9","999.9","  90.0","*","  55.9","*"," 0.00","C","999.9","000000"
"72586699999","1995-08-12","42.483","-114.483","1265.0","JOSLIN FIELD MAGIC VA, ID US","  73.2","13","  38.0","12","9999.9"," 0","999.9"," 0"," 56.9","13","  7.0","13","  9.9","999.9","  86.0","*","  52.9","*"," 0.00","C","999.9","000000"
"72586699999","1995-08-13","42.483","-114.483","1265.0","JOSLIN FIELD MAGIC VA, ID US","  68.5","14","  30.1","13","9999.9"," 0","999.9"," 0"," 55.7","14"," 10.4","14"," 22.0","999.9","  86.0","*","  50.0","*"," 0.00","B","999.9","000000"
"72586699999","1995-08-14","42.483","-114.483","1265.0","JOSLIN FIELD MAGIC VA, ID US","  66.7","15","  29.7","15","9999.9"," 0","999.9"," 0"," 50.0","15","  6.7","15","  9.9","999.9","  81.9","*","  45.9","*"," 0.00","C","999.9","000000"
"72586699999","1995-08-15","42.483","-114.483","1265.0","JOSLIN FIELD MAGIC VA, ID US","  77.7","14","  39.5","12","9999.9"," 0","999.9"," 0"," 48.2","14","  4.7","14","999.9","999.9","  90.9","*","  56.8","*"," 0.00","C","999.9","000000"
"72586699999","1995-08-16","42.483","-114.483","1265.0","JOSLIN FIELD MAGIC VA, ID US","  79.7","12","  44.9","10","9999.9"," 0","999.9"," 0"," 40.4","12","  8.0","12"," 12.8","999.9","  91.9","*","  61.9","*"," 0.00","C","999.9","000010"
"72586699999","1995-08-17","42.483","-114.483","1265.0","JOSLIN FIELD MAGIC VA, ID US","  68.9","11","  45.5","10","9999.9"," 0","999.9"," 0"," 33.2","11"," 13.6","11"," 23.9","999.9","  83.8","*","  55.9","*"," 0.00","B","999.9","000000"
"72586699999","1995-08-18","42.483","-114.483","1265.0","JOSLIN FIELD MAGIC VA, ID US","  62.8","11","  29.7","10","9999.9"," 0","999.9"," 0"," 48.6","11"," 10.4","11"," 17.9","999.9","  72.0","*","  45.9","*"," 0.00","B","999.9","000000"
"72586699999","1995-08-20","42.483","-114.483","1265.0","JOSLIN FIELD MAGIC VA, ID US","  65.9"," 6","  36.7"," 6","9999.9"," 0","999.9"," 0"," 48.3"," 6","  7.8"," 6","  9.9","999.9","  77.9","*","  52.9","*"," 0.00","B","999.9","000000"
"72586699999","1995-08-22","42.483","-114.483","1265.0","JOSLIN FIELD MAGIC VA, ID US","  77.2"," 4","  56.9"," 4","9999.9"," 0","999.9"," 0"," 40.0"," 4","  5.7"," 4"," 14.0","999.9","  82.9","*","  72.0","*","99.99"," ","999.9","010010"
"72586699999","1995-08-23","42.483","-114.483","1265.0","JOSLIN FIELD MAGIC VA, ID US","  69.6"," 6","9999.9"," 0","9999.9"," 0","999.9"," 0"," 26.7"," 6"," 13.5"," 5"," 24.9","999.9","  77.9","*","  65.8","*"," 0.00","H","999.9","010010"
"72586699999","1995-08-24","42.483","-114.483","1265.0","JOSLIN FIELD MAGIC VA, ID US","  67.6"," 4","  55.9"," 4","9999.9"," 0","999.9"," 0"," 38.8"," 4","  7.4"," 4"," 10.9","999.9","  73.9","*","  63.9","*"," 0.00","I","999.9","000000"
"72586699999","1995-08-25","42.483","-114.483","1265.0","JOSLIN FIELD MAGIC VA, ID US","  72.9","10","  49.1","10","9999.9"," 0","999.9"," 0"," 29.5","10","  6.7"," 9","  8.9","999.9","  81.9","*","  57.9","*"," 0.00","C","999.9","000000"
"72586699999","1995-08-26","42.483","-114.483","1265.0","JOSLIN FIELD MAGIC VA, ID US","  73.3","14","  45.8","13","9999.9"," 0","999.9"," 0"," 32.5","14","  8.8","14"," 11.8","999.9","  84.9","*","  59.0","*"," 0.00","C","999.9","000000"
"72586699999","1995-08-27","42.483","-114.483","1265.0","JOSLIN FIELD MAGIC VA, ID US","  71.3"," 6","  36.7"," 6","9999.9"," 0","999.9"," 0"," 41.7"," 6","  7.1"," 6","  9.9","999.9","  86.0","*","  55.9","*"," 0.00","B","999.9","000000"
"72586699999","1995-08-28","42.483","-114.483","1265.0","JOSLIN FIELD MAGIC VA, ID US","  73.4"," 7","  36.1"," 7","9999.9"," 0","999.9"," 0"," 32.9"," 7","  9.5"," 7"," 11.8","999.9","  88.0","*","  55.9","*"," 0.00","B","999.9","000000"
"72586699999","1995-08-29","42.483","-114.483","1265.0","JOSLIN FIELD MAGIC VA, ID US","  71.9"," 8","  33.4"," 7","9999.9"," 0","999.9"," 0"," 40.6"," 8"," 10.0"," 8"," 14.0","999.9","  86.9","*","  54.9","*"," 0.00","B","999.9","000000"
"72586699999","1995-08-31","42.483","-114.483","1265.0","JOSLIN FIELD MAGIC VA, ID US","  68.8","12","  36.1","11","9999.9"," 0","999.9"," 0"," 51.3","12","  5.1","12"," 11.8","999.9","  84.9","*","  50.0","*"," 0.00","B","999.9","000000"
"72586699999","1995-09-01","42.483","-114.483","1265.0","JOSLIN FIELD MAGIC VA, ID US","  80.2","15","  40.5","14","9999.9"," 0","999.9"," 0"," 38.7","15","  6.7","15"," 11.8","999.9","  91.9","*","  56.8","*"," 0.00","C","999.9","000000"
"72586699999","1995-09-02","42.483","-114.483","1265.0","JOSLIN FIELD MAGIC VA, ID US","  81.0","12","  47.2","12","9999.9"," 0","999.9"," 0"," 38.3","12","  8.4","12"," 46.8","999.9","  91.9","*","  63.0","*"," 0.00","H","999.9","010000"
"72586699999","1995-09-03","42.483","-114.483","1265.0","JOSLIN FIELD MAGIC VA, ID US","  81.1","15","  52.6","15","9999.9"," 0","999.9"," 0"," 32.0","15","  8.6","15","999.9","999.9","  91.9","*","  61.0","*"," 0.00","C","999.9","000000"
"72586699999","1995-09-04","42.483","-114.483","1265.0","JOSLIN FIELD MAGIC VA, ID US","  73.7","16","  52.7","16","9999.9"," 0","999.9"," 0"," 28.4","16"," 11.2","16"," 19.8"," 24.9","  82.9","*","  63.9","*"," 0.00","H","999.9","010010"
"72586699999","1995-09-05","42.483","-114.483","1265.0","JOSLIN FIELD MAGIC VA, ID US","  67.0","14","  50.2","13","9999.9"," 0","999.9"," 0"," 36.1","14"," 10.4","14"," 19.8"," 25.8","  79.0","*","  52.9","*"," 0.00","H","999.9","010010"
"72586699999","1995-09-06","42.483","-114.483","1265.0","JOSLIN FIELD MAGIC VA, ID US","  68.2","17","  38.1","16","9999.9"," 0","999.9"," 0"," 48.5","17","  7.2","17"," 15.0","999.9","  82.9","*","  52.0","*"," 0.00","C","999.9","000000"
"72586699999","1995-09-07","42.483","-114.483","1265.0","JOSLIN FIELD MAGIC VA, ID US","  70.0","13","  39.3","12","9999.9"," 0","999.9"," 0"," 41.5","13","  9.6","12"," 16.9","999.9","  81.0","*","  54.9","*"," 0.00","A","999.9","000000"
"72586699999","1995-09-08","42.483","-114.483","1265.0","JOSLIN FIELD MAGIC VA, ID US","  61.7","14","  40.5","13","9999.9"," 0","999.9"," 0"," 56.0","14"," 10.6","14"," 15.0","999.9","  77.0","*","  46.9","*"," 0.00","C","999.9","000000"
"72586699999","1995-09-09","42.483","-114.483","1265.0","JOSLIN FIELD MAGIC VA, ID US","  61.7","16","  38.9","14","9999.9"," 0","999.9"," 0"," 56.9","16","  7.5","16"," 15.0","999.9","  72.0","*","  41.0","*"," 0.00","C","999.9","000000"
"72586699999","1995-09-10","42.483","-114.483","1265.0","JOSLIN FIELD MAGIC VA, ID US","  67.5","13","  42.0","12","9999.9"," 0","999.9"," 0"," 47.7","13","  5.5","13","  9.9","999.9","  79.9","*","  43.9","*"," 0.00","B","999.9","000000"
"72586699999","1995-09-11","42.483","-114.483","1265.0","JOSLIN FIELD MAGIC VA, ID US","  69.4","14","  39.8","13","9999.9"," 0","999.9"," 0"," 49.6","14","  7.2","14"," 10.9","999.9","  79.9","*","  52.9","*"," 0.00","C","999.9","000000"
"72586699999","1995-09-12","42.483","-114.483","1265.0","JOSLIN FIELD MAGIC VA, ID US","  73.9","14","  39.1","13","9999.9"," 0","999.9"," 0"," 47.9","14","  7.1","14"," 14.0","999.9","  83.8","*","  55.9","*"," 0.00","B","999.9","000000"
"72586699999","1995-09-13","42.483","-114.483","1265.0","JOSLIN FIELD MAGIC VA, ID US","  72.6","15","  36.0","14","9999.9"," 0","999.9"," 0"," 45.0","15","  7.6","15"," 14.0","999.9","  86.0","*","  54.9","*"," 0.00","C","999.9","000000"
"72586699999","1995-09-14","42.483","-114.483","1265.0","JOSLIN FIELD MAGIC VA, ID US","  69.1","11","  37.9","10","9999.9"," 0","999.9"," 0"," 33.2","11","  7.7","11"," 11.8","999.9","  82.9","*","  54.9","*"," 0.00","B","999.9","000000"
"72586699999","1995-09-15","42.483","-114.483","1265.0","JOSLIN FIELD MAGIC VA, ID US","  76.5","13","  35.0","12","9999.9"," 0","999.9"," 0"," 37.7","13","  6.5","13","  8.9","999.9","  91.9","*","  59.9","*"," 0.00","C","999.9","000000"
"72586699999","1995-09-16","42.483","-114.483","1265.0","JOSLIN FIELD MAGIC VA, ID US","  73.1","12","  33.6","10","9999.9"," 0","999.9"," 0"," 45.0","12","  8.1","12"," 15.9","999.9","  88.0","*","  56.8","*"," 0.00","A","999.9","000000"
"72586699999","1995-09-17","42.483","-114.483","1265.0","JOSLIN FIELD MAGIC VA, ID US","  71.7","14","  42.9","14","9999.9"," 0","999.9"," 0"," 38.6","14"," 10.4","14"," 18.8","999.9","  79.9","*","  57.9","*"," 0.00","C","999.9","000000"
"72586699999","1995-09-18","42.483","-114.483","1265.0","JOSLIN FIELD MAGIC VA, ID US","  71.3","17","  41.1","16","9999.9"," 0","999.9"," 0"," 36.5","17"," 11.0","17"," 15.0","999.9","  82.9","*","  55.9","*"," 0.00","B","999.9","000000"
"72586699999","1995-09-19","42.483","-114.483","1265.0","JOSLIN FIELD MAGIC VA, ID US","  70.6","12","  35.3","12","9999.9"," 0","999.9"," 0"," 35.0","12"," 13.3","12"," 17.9","999.9","  81.0","*","  56.8","*"," 0.00","B","999.9","000000"
"72586699999","1995-09-20","42.483","-114.483","1265.0","JOSLIN FIELD MAGIC VA, ID US","  60.3","16","  39.6","14","9999.9"," 0","999.9"," 0"," 32.5","16","  6.7","16","  9.9","999.9","  75.9","*","  45.9","*"," 0.00","C","999.9","000000"
"72586699999","1995-09-21","42.483","-114.483","1265.0","JOSLIN FIELD MAGIC VA, ID US","  51.0","13","  21.7","12","9999.9"," 0","999.9"," 0"," 47.7","13"," 12.8","13"," 16.9","999.9","  66.9","*","  36.9","*"," 0.00","A","999.9","000000"
"72586699999","1995-09-22","42.483","-114.483","1265.0","JOSLIN FIELD MAGIC VA, ID US","  52.4","16","  17.7","15","9999.9"," 0","999.9"," 0"," 55.6","16","  4.8","16","  9.9","999.9","  70.9","*","  25.9","*"," 0.00","C","999.9","000000"
"72586699999","1995-09-23","42.483","-114.483","1265.0","JOSLIN FIELD MAGIC VA, ID US","  59.2","15","  19.1","13","9999.9"," 0","999.9"," 0"," 41.7","15","  7.5","14"," 11.8","999.9","  70.9","*","  43.9","*"," 0.00","C","999.9","000000"
"72586699999","1995-09-24","42.483","-114.483","1265.0","JOSLIN FIELD MAGIC VA, ID US","  59.0","13","  24.1","13","9999.9"," 0","999.9"," 0"," 44.6","13"," 10.3","13"," 15.9","999.9","  70.9","*","  43.9","*"," 0.00","C","999.9","000000"
"72586699999","1995-09-25","42.483","-114.483","1265.0","JOSLIN FIELD MAGIC VA, ID US","  59.7","13","  26.6","12","9999.9"," 0","999.9"," 0"," 35.0","13","  9.1","13"," 14.0","999.9","  79.0","*","  45.0","*"," 0.00","A","999.9","000000"
"72586699999","1995-09-26","42.483","-114.483","1265.0","JOSLIN FIELD MAGIC VA, ID US","  66.5"," 8","  30.5"," 7","9999.9"," 0","999.9"," 0"," 28.8"," 8","  8.9"," 8"," 15.9","999.9","  73.9","*","  54.0","*"," 0.00","A","999.9","000000"
"72586699999","1995-09-27","42.483","-114.483","1265.0","JOSLIN FIELD MAGIC VA, ID US","  63.1","16","  32.7","15","9999.9"," 0","999.9"," 0"," 40.3","16","  8.5","16"," 15.9","999.9","  72.9","*","  52.9","*"," 0.00","B","999.9","000000"
"72586699999","1995-09-28","42.483","-114.483","1265.0","JOSLIN FIELD MAGIC VA, ID US","  61.9","17","  33.0","16","9999.9"," 0","999.9"," 0"," 43.8","17","  8.7","16"," 14.0","999.9","  79.0","*","  43.9","*"," 0.00","C","999.9","000000"
"72586699999","1995-09-29","42.483","-114.483","1265.0","JOSLIN FIELD MAGIC VA, ID US","  53.6","16","  38.2","15","9999.9"," 0","999.9"," 0"," 25.9","16"," 15.3","16"," 24.9","999.9","  68.0","*","  45.0","*"," 0.00","H","999.9","010000"
"72586699999","1995-09-30","42.483","-114.483","1265.0","JOSLIN FIELD MAGIC VA, ID US","  54.1","13","  31.5","13","9999.9"," 0","999.9"," 0"," 53.1","13"," 10.4","13"," 44.9","999.9","  63.9","*","  41.0","*"," 0.00","C","999.9","000000"
"72586699999","1995-10-01","42.483","-114.483","1265.0","JOSLIN FIELD MAGIC VA, ID US","  54.2","10","  32.2","10","9999.9"," 0","999.9"," 0"," 47.0","10"," 13.1","10"," 19.8","999.9","  63.0","*","  45.0","*"," 0.00","C","999.9","000000"
"72586699999","1995-10-02","42.483","-114.483","1265.0","JOSLIN FIELD MAGIC VA, ID US","  54.4","16","  23.7","16","9999.9"," 0","999.9"," 0"," 42.8","16"," 12.0","16"," 17.9"," 19.8","  65.8","*","  39.9","*"," 0.00","C","999.9","000000"
"72586699999","1995-10-03","42.483","-114.483","1265.0","JOSLIN FIELD MAGIC VA, ID US","  56.9","16","  33.0","15","9999.9"," 0","999.9"," 0"," 39.7","16"," 14.4","16"," 22.0"," 29.9","  65.8","*","  48.9","*"," 0.00","H","999.9","010000"
"72586699999","1995-10-04","42.483","-114.483","1265.0","JOSLIN FIELD MAGIC VA, ID US","  45.3","17","  34.1","15","9999.9"," 0","999.9"," 0"," 27.4","17"," 17.7","16"," 24.9"," 29.9","  52.9","*","  36.9","*"," 0.00","H","999.9","010010"
"72586699999","1995-10-05","42.483","-114.483","1265.0","JOSLIN FIELD MAGIC VA, ID US","  44.9","17","  27.2","16","9999.9"," 0","999.9"," 0"," 51.5","17","  8.5","17"," 16.9","999.9","  57.9","*","  29.8","*"," 0.00","C","999.9","000000"
"72586699999","1995-10-06","42.483","-114.483","1265.0","JOSLIN FIELD MAGIC VA, ID US","  49.7","17","  28.1","16","9999.9"," 0","999.9"," 0"," 55.9","17","  5.9","16","  9.9","999.9","  64.9","*","  32.9","*"," 0.00","C","999.9","000000"
"72586699999","1995-10-07","42.483","-114.483","1265.0","JOSLIN FIELD MAGIC VA, ID US","  52.2","16","  30.6","15","9999.9"," 0","999.9"," 0"," 28.4","16"," 11.5","16"," 19.8","999.9","  59.9","*","  43.0","*"," 0.00","C","999.9","000000"
"72586699999","1995-10-08","42.483","-114.483","1265.0","JOSLIN FIELD MAGIC VA, ID US","  51.4","13","  24.8","13","9999.9"," 0","999.9"," 0"," 34.6","13","  8.3","13"," 14.0","999.9","  63.0","*","  30.9","*"," 0.00","C","999.9","000000"
"72586699999","1995-10-09","42.483","-114.483","1265.0","JOSLIN FIELD MAGIC VA, ID US","  54.2","11","  28.4","11","9999.9"," 0","999.9"," 0"," 33.2","11","  8.5","11"," 33.8","999.9","  63.0","*","  43.0","*"," 0.00","C","999.9","000000"
"72586699999","1995-10-10","42.483","-114.483","1265.0","JOSLIN FIELD MAGIC VA, ID US","  60.1","16","  32.9","15","9999.9"," 0","999.9"," 0"," 37.3","15","  6.1","15"," 11.8","999.9","  77.9","*","  43.9","*"," 0.00","B","999.9","000000"
"72586699999","1995-10-11","42.483","-114.483","1265.0","JOSLIN FIELD MAGIC VA, ID US","  70.4","15","  25.3","14","9999.9"," 0","999.9"," 0"," 34.7","15"," 12.9","14"," 22.0"," 24.9","  79.0","*","  61.0","*"," 0.00","C","999.9","000000"
"72586699999","1995-10-12","42.483","-114.483","1265.0","JOSLIN FIELD MAGIC VA, ID US","  51.9","15","  29.7","15","9999.9"," 0","999.9"," 0"," 36.7","15"," 14.1","15"," 22.0"," 24.9","  77.0","*","  39.9","*"," 0.00","H","999.9","010000"
"72586699999","1995-10-13","42.483","-114.483","1265.0","JOSLIN FIELD MAGIC VA, ID US","  43.8","15","  24.7","13","9999.9"," 0","999.9"," 0"," 52.7","15","  8.5","14"," 17.9","999.9","  56.8","*","  29.8","*"," 0.00","C","999.9","000000"
"72586699999","1995-10-14","42.483","-114.483","1265.0","JOSLIN FIELD MAGIC VA, ID US","  48.9","12","  24.7","11","9999.9"," 0","999.9"," 0"," 47.5","12","  6.2","12","  9.9","999.9","  68.0","*","  28.9","*"," 0.00","B","999.9","000000"
"72586699999","1995-10-15","42.483","-114.483","1265.0","JOSLIN FIELD MAGIC VA, ID US","  51.9","12","  24.3","12","9999.9"," 0","999.9"," 0"," 44.2","12","  6.4","12"," 10.9","999.9","  73.9","*","  36.0","*"," 0.00","B","999.9","000000"
"72586699999","1995-10-16","42.483","-114.483","1265.0","JOSLIN FIELD MAGIC VA, ID US","  64.2","14","  28.6","14","9999.9"," 0","999.9"," 0"," 33.9","14"," 12.8","14"," 19.8","999.9","  73.9","*","  52.9","*"," 0.00","C","999.9","000000"
"72586699999","1995-10-17","42.483","-114.483","1265.0","JOSLIN FIELD MAGIC VA, ID US","  57.5","15","  30.4","14","9999.9"," 0","999.9"," 0"," 39.3","15","  9.5","15"," 14.0"," 19.8","  68.9","*","  41.9","*"," 0.00","B","999.9","000000"
"72586699999","1995-10-18","42.483","-114.483","1265.0","JOSLIN FIELD MAGIC VA, ID US","  55.6","18","  39.4","15","9999.9"," 0","999.9"," 0"," 30.0","18"," 13.1","18"," 22.0"," 25.8","  68.0","*","  48.9","*"," 0.00","H","999.9","010000"
"72586699999","1995-10-19","42.483","-114.483","1265.0","JOSLIN FIELD MAGIC VA, ID US","  45.7","16","  15.4","15","9999.9"," 0","999.9"," 0"," 42.5","16"," 13.0","15"," 19.8","999.9","  57.9","*","  25.9","*"," 0.00","C","999.9","000000"
"72586699999","1995-10-20","42.483","-114.483","1265.0","JOSLIN FIELD MAGIC VA, ID US","  45.6","17","  16.5","15","9999.9"," 0","999.9"," 0"," 47.4","17","  7.4","16","  9.9","999.9","  68.0","*","  25.0","*"," 0.00","C","999.9","000000"
"72586699999","1995-10-21","42.483","-114.483","1265.0","JOSLIN FIELD MAGIC VA, ID US","  48.9","12","  23.1","11","9999.9"," 0","999.9"," 0"," 36.2","12"," 11.8","12"," 19.8","999.9","  65.8","*","  41.0","*"," 0.00","H","999.9","010000"
"72586699999","1995-10-22","42.483","-114.483","1265.0","JOSLIN FIELD MAGIC VA, ID US","  41.2","13","  24.0","13","9999.9"," 0","999.9"," 0"," 35.4","13"," 15.0","13"," 24.9","999.9","  52.0","*","  30.9","*"," 0.00","C","999.9","000000"
"72586699999","1995-10-23","42.483","-114.483","1265.0","JOSLIN FIELD MAGIC VA, ID US","  41.9","17","  18.1","16","9999.9"," 0","999.9"," 0"," 42.6","17","  6.9","17"," 16.9","999.9","  56.8","*","  27.9","*"," 0.00","C","999.9","000000"
"72586699999","1995-10-24","42.483","-114.483","1265.0","JOSLIN FIELD MAGIC VA, ID US","  50.5","15","  14.7","14","9999.9"," 0","999.9"," 0"," 44.0","15","  6.6","15"," 12.8","999.9","  61.0","*","  37.9","*"," 0.00","C","999.9","000000"
"72586699999","1995-10-25","42.483","-114.483","1265.0","JOSLIN FIELD MAGIC VA, ID US","  51.4","16","  17.6","14","9999.9"," 0","999.9"," 0"," 43.1","16","  9.9","15"," 17.9","999.9","  61.9","*","  39.9","*"," 0.00","B","999.9","000000"
"72586699999","1995-10-26","42.483","-114.483","1265.0","JOSLIN FIELD MAGIC VA, ID US","  55.5","13","  34.2","12","9999.9"," 0","999.9"," 0"," 29.6","13"," 13.1","12"," 23.9"," 31.9","  61.9","*","  50.0","*"," 0.00","H","999.9","010000"
"72586699999","1995-10-27","42.483","-114.483","1265.0","JOSLIN FIELD MAGIC VA, ID US","  49.3","17","  32.5","15","9999.9"," 0","999.9"," 0"," 45.0","17"," 13.1","16"," 19.8","999.9","  59.0","*","  37.9","*"," 0.00","C","999.9","000000"
"72586699999","1995-10-28","42.483","-114.483","1265.0","JOSLIN FIELD MAGIC VA, ID US","  47.4","12","  28.1","12","9999.9"," 0","999.9"," 0"," 52.5","12","  7.8","12"," 10.9","999.9","  59.9","*","  25.9","*"," 0.00","A","999.9","000000"
"72586699999","1995-10-29","42.483","-114.483","1265.0","JOSLIN FIELD MAGIC VA, ID US","  50.9","11","  30.0","11","9999.9"," 0","999.9"," 0"," 50.0","11"," 10.9","11"," 15.9","999.9","  61.0","*","  38.8","*"," 0.00","A","999.9","000000"
"72586699999","1995-10-30","42.483","-114.483","1265.0","JOSLIN FIELD MAGIC VA, ID US","  44.9","14","  27.0","14","9999.9"," 0","999.9"," 0"," 40.0","14"," 10.1","14"," 15.9","999.9","  50.9","*","  36.0","*"," 0.00","A","999.9","000000"
"72586699999","1995-10-31","42.483","-114.483","1265.0","JOSLIN FIELD MAGIC VA, ID US","  43.5","16","  27.1","15","9999.9"," 0","999.9"," 0"," 29.4","16"," 10.3","16"," 19.8","999.9","  50.0","*","  34.9","*"," 0.00","H","999.9","010000"
"72586699999","1995-11-01","42.483","-114.483","1265.0","JOSLIN FIELD MAGIC VA, ID US","  31.1","18","  14.6","16","9999.9"," 0","999.9"," 0"," 31.9","18"," 12.2","17"," 17.9","999.9","  41.9","*","  19.9","*"," 0.00","B","999.9","000000"
"72586699999","1995-11-02","42.483","-114.483","1265.0","JOSLIN FIELD MAGIC VA, ID US","  27.7","12","  11.3","11","9999.9"," 0","999.9"," 0"," 34.6","12","  9.1","12"," 14.0","999.9","  41.9","*","  16.9","*"," 0.00","B","999.9","000000"
"72586699999","1995-11-03","42.483","-114.483","1265.0","JOSLIN FIELD MAGIC VA, ID US","  30.3","16","   5.6","14","9999.9"," 0","999.9"," 0"," 31.6","16","  7.6","15","  9.9","999.9","  43.9","*","  18.0","*"," 0.00","B","999.9","000000"
"72586699999","1995-11-04","42.483","-114.483","1265.0","JOSLIN FIELD MAGIC VA, ID US","  33.8","15","   4.2","15","9999.9"," 0","999.9"," 0"," 41.3","15","  6.4","15"," 10.9","999.9","  47.8","*","   7.9","*"," 0.00","B","999.9","000000"
"72586699999","1995-11-05","42.483","-114.483","1265.0","JOSLIN FIELD MAGIC VA, ID US","  45.3","13","  14.4","13","9999.9"," 0","999.9"," 0"," 33.8","13"," 10.2","13"," 17.9","999.9","  52.0","*","  34.0","*"," 0.00","H","999.9","010000"
"72586699999","1995-11-06","42.483","-114.483","1265.0","JOSLIN FIELD MAGIC VA, ID US","  41.3","12","  22.3","12","9999.9"," 0","999.9"," 0"," 32.1","12"," 11.3","12"," 22.0","999.9","  46.9","*","  34.9","*"," 0.00","A","999.9","000000"
"72586699999","1995-11-08","42.483","-114.483","1265.0","JOSLIN FIELD MAGIC VA, ID US","  55.7"," 4","  31.2"," 4","9999.9"," 0","999.9"," 0"," 27.5"," 4"," 10.9"," 4"," 19.8","999.9","  63.0","*","  39.9","*"," 0.00","I","999.9","000000"
"72586699999","1995-11-09","42.483","-114.483","1265.0","JOSLIN FIELD MAGIC VA, ID US","  46.0"," 8","  34.3"," 7","9999.9"," 0","999.9"," 0"," 28.8"," 8"," 14.7"," 7"," 19.8","999.9","  52.9","*","  41.0","*","99.99"," ","999.9","010000"
"72586699999","1995-11-10","42.483","-114.483","1265.0","JOSLIN FIELD MAGIC VA, ID US","  35.4","17","  23.9","15","9999.9"," 0","999.9"," 0"," 40.0","17"," 15.1","15"," 19.8","999.9","  41.0","*","  28.9","*"," 0.00","H","999.9","001000"
"72586699999","1995-11-11","42.483","-114.483","1265.0","JOSLIN FIELD MAGIC VA, ID US","  44.4","13","  31.1","13","9999.9"," 0","999.9"," 0"," 36.9","13","  9.3","13"," 19.8","999.9","  59.9","*","  32.9","*"," 0.00","A","999.9","000000"
"72586699999","1995-11-12","42.483","-114.483","1265.0","JOSLIN FIELD MAGIC VA, ID US","  48.6","15","  44.1","15","9999.9"," 0","999.9"," 0"," 26.0","15","  8.1","15"," 14.0","999.9","  57.9","*","  45.0","*"," 0.00","H","999.9","110000"
"72586699999","1995-11-13","42.483","-114.483","1265.0","JOSLIN FIELD MAGIC VA, ID US","  53.3","15","  46.7","15","9999.9"," 0","999.9"," 0"," 33.7","15"," 10.0","15"," 15.9","999.9","  63.0","*","  46.9","*"," 0.00","H","999.9","010000"
"72586699999","1995-11-14","42.483","-114.483","1265.0","JOSLIN FIELD MAGIC VA, ID US","  55.1","15","  44.7","13","9999.9"," 0","999.9"," 0"," 43.0","15","  7.5","14"," 11.8","999.9","  63.0","*","  46.9","*"," 0.00","B","999.9","000000"
"72586699999","1995-11-15","42.483","-114.483","1265.0","JOSLIN FIELD MAGIC VA, ID US","  46.1","16","  40.9","16","9999.9"," 0","999.9"," 0"," 31.3","16","  7.7","16"," 11.8","999.9","  57.9","*","  34.0","*"," 0.00","B","999.9","100000"
"72586699999","1995-11-16","42.483","-114.483","1265.0","JOSLIN FIELD MAGIC VA, ID US","  50.2","16","  42.5","14","9999.9"," 0","999.9"," 0"," 23.8","16","  6.0","15"," 12.8","999.9","  59.0","*","  39.9","*"," 0.00","B","999.9","000000"
"72586699999","1995-11-17","42.483","-114.483","1265.0","JOSLIN FIELD MAGIC VA, ID US","  47.3","17","  40.6","16","9999.9"," 0","999.9"," 0"," 29.1","17","  6.2","17"," 11.8","999.9","  59.9","*","  37.9","*"," 0.00","C","999.9","100000"
"72586699999","1995-11-18","42.483","-114.483","1265.0","JOSLIN FIELD MAGIC VA, ID US","  53.5","14","  37.2","14","9999.9"," 0","999.9"," 0"," 50.0","14"," 11.6","14"," 19.8","999.9","  61.9","*","  47.8","*"," 0.00","A","999.9","000000"
"72586699999","1995-11-19","42.483","-114.483","1265.0","JOSLIN FIELD MAGIC VA, ID US","  44.6","13","  33.0","13","9999.9"," 0","999.9"," 0"," 37.7","13","  7.2","13"," 11.8","999.9","  50.0","*","  36.0","*"," 0.00","H","999.9","010000"
"72586699999","1995-11-20","42.483","-114.483","1265.0","JOSLIN FIELD MAGIC VA, ID US","  43.1","14","  31.9","14","9999.9"," 0","999.9"," 0"," 38.2","14","  7.0","14"," 14.0","999.9","  54.9","*","  28.9","*"," 0.00","B","999.9","000000"
"72586699999","1995-11-21","42.483","-114.483","1265.0","JOSLIN FIELD MAGIC VA, ID US","  41.9","15","  33.2","14","9999.9"," 0","999.9"," 0"," 31.3","15","  5.4","14","  8.0","999.9","  55.9","*","  32.0","*"," 0.00","B","999.9","000000"
"72586699999","1995-11-22","42.483","-114.483","1265.0","JOSLIN FIELD MAGIC VA, ID US","  48.1","18","  34.4","16","9999.9"," 0","999.9"," 0"," 31.1","18","  9.9","17"," 15.0","999.9","  56.8","*","  39.9","*"," 0.00","B","999.9","000000"
"72586699999","1995-11-23","42.483","-114.483","1265.0","JOSLIN FIELD MAGIC VA, ID US","  46.7","16","  35.6","16","9999.9"," 0","999.9"," 0"," 44.4","16","  8.1","16","  9.9","999.9","  55.9","*","  34.9","*"," 0.00","B","999.9","000000"
"72586699999","1995-11-24","42.483","-114.483","1265.0","JOSLIN FIELD MAGIC VA, ID US","  52.9","16","  33.4","16","9999.9"," 0","999.9"," 0"," 48.1","16","  8.1","16"," 15.0","999.9","  63.0","*","  41.9","*"," 0.00","B","999.9","000000"
"72586699999","1995-11-25","42.483","-114.483","1265.0","JOSLIN FIELD MAGIC VA, ID US","  52.7","15","  34.2","14","9999.9"," 0","999.9"," 0"," 46.0","15"," 11.0","15"," 15.0","999.9","  54.9","*","  47.8","*"," 0.00","H","999.9","010000"
"72586699999","1995-11-26","42.483","-114.483","1265.0","JOSLIN FIELD MAGIC VA, ID US","  41.4","13","  34.3","12","9999.9"," 0","999.9"," 0"," 37.7","13"," 15.9","13"," 24.9"," 31.9","  50.9","*","  36.0","*"," 0.00","H","999.9","010000"
"72586699999","1995-11-27","42.483","-114.483","1265.0","JOSLIN FIELD MAGIC VA, ID US","  36.1","14","  25.9","14","9999.9"," 0","999.9"," 0"," 42.9","14"," 14.6","14"," 19.8","999.9","  41.0","*","  30.9","*"," 0.00","B","999.9","000000"
"72586699999","1995-11-28","42.483","-114.483","1265.0","JOSLIN FIELD MAGIC VA, ID US","  42.7","18","  34.8","16","9999.9"," 0","999.9"," 0"," 26.4","18"," 13.9","18"," 19.8","999.9","  52.0","*","  34.0","*"," 0.00","H","999.9","011000"
"72586699999","1995-11-29","42.483","-114.483","1265.0","JOSLIN FIELD MAGIC VA, ID US","  51.0","16","  36.4","15","9999.9"," 0","999.9"," 0"," 38.8","16"," 12.6","14"," 19.8","999.9","  59.9","*","  41.0","*"," 0.00","B","999.9","000000"
"72586699999","1995-11-30","42.483","-114.483","1265.0","JOSLIN FIELD MAGIC VA, ID US","  52.9","16","  33.4","15","9999.9"," 0","999.9"," 0"," 36.3","16"," 10.4","16"," 17.9","999.9","  59.0","*","  48.9","*"," 0.00","B","999.9","000000"
"72586699999","1995-12-01","42.483","-114.483","1265.0","JOSLIN FIELD MAGIC VA, ID US","  53.0","15","  36.8","15","9999.9"," 0","999.9"," 0"," 46.0","15"," 12.5","15"," 22.9","999.9","  63.0","*","  43.0","*"," 0.00","B","999.9","000000"
"72586699999","1995-12-02","42.483","-114.483","1265.0","JOSLIN FIELD MAGIC VA, ID US","  41.5","15","  31.1","15","9999.9"," 0","999.9"," 0"," 44.0","15","  9.8","15"," 11.8","999.9","  46.9","*","  34.0","*"," 0.00","H","999.9","110000"
"72586699999","1995-12-03","42.483","-114.483","1265.0","JOSLIN FIELD MAGIC VA, ID US","  33.8","15","  25.7","14","9999.9"," 0","999.9"," 0"," 40.0","15","  6.6","15","  9.9","999.9","  39.9","*","  27.9","*"," 0.00","B","999.9","000000"
"72586699999","1995-12-04","42.483","-114.483","1265.0","JOSLIN FIELD MAGIC VA, ID US","  43.0","15","  35.6","14","9999.9"," 0","999.9"," 0"," 27.1","15"," 13.4","15"," 21.0"," 35.0","  50.0","*","  36.9","*"," 0.00","H","999.9","010000"
"72586699999","1995-12-05","42.483","-114.483","1265.0","JOSLIN FIELD MAGIC VA, ID US","  32.4","16","  27.1","15","9999.9"," 0","999.9"," 0"," 18.1","16","  8.6","16"," 15.9","999.9","  36.9","*","  27.9","*"," 0.00","H","999.9","110000"
"72586699999","1995-12-06","42.483","-114.483","1265.0","JOSLIN FIELD MAGIC VA, ID US","  32.2","17","  30.2","15","9999.9"," 0","999.9"," 0","  7.5","17","  7.1","17"," 17.9","999.9","  37.9","*","  28.9","*"," 0.00","H","999.9","111000"
"72586699999","1995-12-07","42.483","-114.483","1265.0","JOSLIN FIELD MAGIC VA, ID US","  32.9","15","  30.9","15","9999.9"," 0","999.9"," 0","  8.7","15","  5.9","15"," 15.9","999.9","  36.9","*","  29.8","*"," 0.00","H","999.9","110000"
"72586699999","1995-12-08","42.483","-114.483","1265.0","JOSLIN FIELD MAGIC VA, ID US","  29.3","14","  22.8","14","9999.9"," 0","999.9"," 0"," 30.0","14","  9.5","14"," 12.8","999.9","  32.9","*","  25.0","*"," 0.00","A","999.9","000000"
"72586699999","1995-12-09","42.483","-114.483","1265.0","JOSLIN FIELD MAGIC VA, ID US","  30.8","16","  28.8","16","9999.9"," 0","999.9"," 0","  8.8","15","  6.3","16","  9.9","999.9","  34.9","*","  27.0","*"," 0.00","H","999.9","111000"
"72586699999","1995-12-10","42.483","-114.483","1265.0","JOSLIN FIELD MAGIC VA, ID US","  44.8","16","  32.8","16","9999.9"," 0","999.9"," 0"," 32.4","16"," 10.1","16"," 22.9","999.9","  59.0","*","  32.9","*"," 0.00","B","999.9","100000"
"72586699999","1995-12-11","42.483","-114.483","1265.0","JOSLIN FIELD MAGIC VA, ID US","  50.0","14","  32.4","14","9999.9"," 0","999.9"," 0"," 28.6","14"," 10.8","14"," 15.0"," 24.9","  54.9","*","  45.0","*"," 0.00","H","999.9","010000"
"72586699999","1995-12-12","42.483","-114.483","1265.0","JOSLIN FIELD MAGIC VA, ID US","  51.4","16","  36.8","15","9999.9"," 0","999.9"," 0"," 27.8","16"," 19.6","16"," 29.9"," 39.8","  59.0","*","  43.9","*"," 0.00","H","999.9","010000"
"72586699999","1995-12-13","42.483","-114.483","1265.0","JOSLIN FIELD MAGIC VA, ID US","  44.3","16","  31.4","15","9999.9"," 0","999.9"," 0"," 26.9","16"," 16.3","16"," 22.0"," 32.8","  52.9","*","  36.9","*"," 0.00","H","999.9","010000"
"72586699999","1995-12-14","42.483","-114.483","1265.0","JOSLIN FIELD MAGIC VA, ID US","  40.1","14","  27.8","14","9999.9"," 0","999.9"," 0"," 39.3","14","  9.0","14"," 12.8","999.9","  47.8","*","  32.9","*"," 0.00","B","999.9","000000"
"72586699999","1995-12-15","42.483","-114.483","1265.0","JOSLIN FIELD MAGIC VA, ID US","  42.3","17","  26.8","16","9999.9"," 0","999.9"," 0"," 46.5","17"," 10.0","17"," 17.9","999.9","  48.9","*","  34.9","*"," 0.00","B","999.9","000000"
"72586699999","1995-12-16","42.483","-114.483","1265.0","JOSLIN FIELD MAGIC VA, ID US","  34.1","16","  28.5","15","9999.9"," 0","999.9"," 0"," 16.0","16"," 11.3","16"," 17.9","999.9","  41.0","*","  30.9","*"," 0.00","A","999.9","100000"
"72586699999","1995-12-17","42.483","-114.483","1265.0","JOSLIN FIELD MAGIC VA, ID US","  31.8","14","  23.4","14","9999.9"," 0","999.9"," 0"," 30.0","14","  3.9","14"," 15.0","999.9","  34.0","*","  29.8","*"," 0.00","B","999.9","000000"
"72586699999","1995-12-18","42.483","-114.483","1265.0","JOSLIN FIELD MAGIC VA, ID US","  26.5","15","  21.9","15","9999.9"," 0","999.9"," 0"," 38.3","15","  8.2","15"," 11.8","999.9","  34.9","*","  18.9","*"," 0.00","B","999.9","000000"
"72586699999","1995-12-19","42.483","-114.483","1265.0","JOSLIN FIELD MAGIC VA, ID US","  26.6","15","  22.2","14","9999.9"," 0","999.9"," 0"," 24.0","15","  3.8","15","  7.0","999.9","  34.9","*","  18.0","*"," 0.00","I","999.9","000000"
"72586699999","1995-12-20","42.483","-114.483","1265.0","JOSLIN FIELD MAGIC VA, ID US","  26.0","17","  22.6","16","9999.9"," 0","999.9"," 0"," 10.6","17","  4.1","17","  7.0","999.9","  30.9","*","  23.0","*"," 0.00","B","999.9","100000"
"72586699999","1995-12-21","42.483","-114.483","1265.0","JOSLIN FIELD MAGIC VA, ID US","  27.6","15","  22.2","14","9999.9"," 0","999.9"," 0"," 12.4","15","  2.9","15","  7.0","999.9","  34.9","*","  23.9","*"," 0.00","H","999.9","101000"
"72586699999","1995-12-22","42.483","-114.483","1265.0","JOSLIN FIELD MAGIC VA, ID US","  23.2","16","  18.9","15","9999.9"," 0","999.9"," 0"," 13.6","16","  6.3","16"," 11.8","999.9","  30.9","*","  14.9","*"," 0.00","B","999.9","000000"
"72586699999","1995-12-23","42.483","-114.483","1265.0","JOSLIN FIELD MAGIC VA, ID US","  21.7","15","  17.6","14","9999.9"," 0","999.9"," 0","  9.0","15","  4.9","14","  9.9","999.9","  30.9","*","  14.0","*"," 0.00","B","999.9","000000"
"72586699999","1995-12-24","42.483","-114.483","1265.0","JOSLIN FIELD MAGIC VA, ID US","  21.1","14","  16.4","13","9999.9"," 0","999.9"," 0","  9.8","14","  6.0","14","  8.0","999.9","  29.8","*","  12.9","*"," 0.00","B","999.9","000000"
"72586699999","1995-12-25","42.483","-114.483","1265.0","JOSLIN FIELD MAGIC VA, ID US","  20.3","16","  15.9","15","9999.9"," 0","999.9"," 0","  7.0","16","  4.2","16","  8.0","999.9","  32.9","*","   9.9","*"," 0.00","B","999.9","100000"
"72586699999","1995-12-26","42.483","-114.483","1265.0","JOSLIN FIELD MAGIC VA, ID US","  18.3","14","  16.8","13","9999.9"," 0","999.9"," 0","  1.2","12","  3.3","14","  8.0","999.9","  23.9","*","  10.9","*"," 0.00","H","999.9","101000"
"72586699999","1995-12-27","42.483","-114.483","1265.0","JOSLIN FIELD MAGIC VA, ID US","  19.3","18","  17.1","16","9999.9"," 0","999.9"," 0","  4.9","18","  3.8","18","  8.0","999.9","  28.9","*","  12.9","*"," 0.00","B","999.9","100000"
"72586699999","1995-12-28","42.483","-114.483","1265.0","JOSLIN FIELD MAGIC VA, ID US","  24.5","17","  20.3","16","9999.9"," 0","999.9"," 0","  8.3","17","  5.1","17","  8.0","999.9","  27.9","*","  21.9","*"," 0.00","H","999.9","101000"
"72586699999","1995-12-29","42.483","-114.483","1265.0","JOSLIN FIELD MAGIC VA, ID US","  27.4","16","  25.2","16","9999.9"," 0","999.9"," 0","  7.0","16","  6.3","16","  9.9","999.9","  34.0","*","  21.9","*"," 0.00","H","999.9","101000"
"72586699999","1995-12-30","42.483","-114.483","1265.0","JOSLIN FIELD MAGIC VA, ID US","  39.0","16","  36.1","15","9999.9"," 0","999.9"," 0"," 10.6","16"," 10.5","16"," 14.0","999.9","  43.0","*","  34.0","*"," 0.00","H","999.9","110000"
"72586699999","1995-12-31","42.483","-114.483","1265.0","JOSLIN FIELD MAGIC VA, ID US","  40.1","15","  35.5","15","9999.9"," 0","999.9"," 0"," 28.2","15"," 17.7","15"," 24.9"," 39.8","  43.9","*","  34.9","*"," 0.00","H","999.9","110000"
